billing_id,billing_month,billing_year,base_amount,is_annual_payment,billing_status,lot_id,due_date,created_at,updated_at
BIL-2026-00001,1,2026,200,FALSE,OVERDUE,LOT-001,2026-01-31,2026-01-01 08:00:00,2026-01-01 08:00:00
BIL-2026-00002,2,2026,200,FALSE,OVERDUE,LOT-001,2026-02-28,2026-02-01 08:00:00,2026-02-01 08:00:00
BIL-2026-00003,3,2026,200,FALSE,OVERDUE,LOT-001,2026-03-31,2026-03-01 08:00:00,2026-03-01 08:00:00
BIL-2026-00004,4,2026,200,FALSE,OVERDUE,LOT-001,2026-04-30,2026-04-01 08:00:00,2026-04-01 08:00:00
BIL-2026-00005,5,2026,200,FALSE,OVERDUE,LOT-001,2026-05-31,2026-05-01 08:00:00,2026-05-01 08:00:00
BIL-2026-00006,6,2026,200,FALSE,OVERDUE,LOT-001,2026-06-30,2026-06-01 08:00:00,2026-06-01 08:00:00
BIL-2026-00007,7,2026,200,FALSE,OVERDUE,LOT-001,2026-07-31,2026-07-01 08:00:00,2026-07-01 08:00:00
BIL-2026-00008,1,2026,200,FALSE,PAID,LOT-005,2026-01-31,2026-01-01 08:00:00,2026-01-01 08:00:00
BIL-2026-00009,2,2026,200,FALSE,PAID,LOT-005,2026-02-28,2026-02-01 08:00:00,2026-02-01 08:00:00
BIL-2026-00010,3,2026,200,FALSE,PAID,LOT-005,2026-03-31,2026-03-01 08:00:00,2026-03-01 08:00:00
BIL-2026-00011,4,2026,200,FALSE,PAID,LOT-005,2026-04-30,2026-04-01 08:00:00,2026-04-01 08:00:00
BIL-2026-00012,5,2026,200,FALSE,PAID,LOT-005,2026-05-31,2026-05-01 08:00:00,2026-05-01 08:00:00
BIL-2026-00013,6,2026,200,FALSE,PAID,LOT-005,2026-06-30,2026-06-01 08:00:00,2026-06-01 08:00:00
BIL-2026-00014,7,2026,200,FALSE,PAID,LOT-005,2026-07-31,2026-07-01 08:00:00,2026-07-01 08:00:00
BIL-2026-00015,1,2026,200,FALSE,PAID,LOT-006,2026-01-31,2026-01-01 08:00:00,2026-01-01 08:00:00
BIL-2026-00016,2,2026,200,FALSE,PAID,LOT-006,2026-02-28,2026-02-01 08:00:00,2026-02-01 08:00:00
BIL-2026-00017,3,2026,200,FALSE,PAID,LOT-006,2026-03-31,2026-03-01 08:00:00,2026-03-01 08:00:00
BIL-2026-00018,4,2026,200,FALSE,PAID,LOT-006,2026-04-30,2026-04-01 08:00:00,2026-04-01 08:00:00
BIL-2026-00019,5,2026,200,FALSE,PAID,LOT-006,2026-05-31,2026-05-01 08:00:00,2026-05-01 08:00:00
BIL-2026-00020,6,2026,200,FALSE,PAID,LOT-006,2026-06-30,2026-06-01 08:00:00,2026-06-01 08:00:00
BIL-2026-00021,7,2026,200,FALSE,PAID,LOT-006,2026-07-31,2026-07-01 08:00:00,2026-07-01 08:00:00
BIL-2026-00022,1,2026,200,FALSE,PAID,LOT-007,2026-01-31,2026-01-01 08:00:00,2026-01-01 08:00:00
BIL-2026-00023,2,2026,200,FALSE,PAID,LOT-007,2026-02-28,2026-02-01 08:00:00,2026-02-01 08:00:00
BIL-2026-00024,3,2026,200,FALSE,PAID,LOT-007,2026-03-31,2026-03-01 08:00:00,2026-03-01 08:00:00
BIL-2026-00025,4,2026,200,FALSE,PAID,LOT-007,2026-04-30,2026-04-01 08:00:00,2026-04-01 08:00:00
BIL-2026-00026,5,2026,200,FALSE,PAID,LOT-007,2026-05-31,2026-05-01 08:00:00,2026-05-01 08:00:00
BIL-2026-00027,6,2026,200,FALSE,PAID,LOT-007,2026-06-30,2026-06-01 08:00:00,2026-06-01 08:00:00
BIL-2026-00028,7,2026,200,FALSE,PAID,LOT-007,2026-07-31,2026-07-01 08:00:00,2026-07-01 08:00:00
BIL-2026-00029,1,2026,200,FALSE,PAID,LOT-008,2026-01-31,2026-01-01 08:00:00,2026-01-01 08:00:00
BIL-2026-00030,2,2026,200,FALSE,PAID,LOT-008,2026-02-28,2026-02-01 08:00:00,2026-02-01 08:00:00
BIL-2026-00031,3,2026,200,FALSE,PAID,LOT-008,2026-03-31,2026-03-01 08:00:00,2026-03-01 08:00:00
BIL-2026-00032,4,2026,200,FALSE,PAID,LOT-008,2026-04-30,2026-04-01 08:00:00,2026-04-01 08:00:00
BIL-2026-00033,5,2026,200,FALSE,PAID,LOT-008,2026-05-31,2026-05-01 08:00:00,2026-05-01 08:00:00
BIL-2026-00034,6,2026,200,FALSE,PAID,LOT-008,2026-06-30,2026-06-01 08:00:00,2026-06-01 08:00:00
BIL-2026-00035,7,2026,200,FALSE,PAID,LOT-008,2026-07-31,2026-07-01 08:00:00,2026-07-01 08:00:00
BIL-2026-00036,1,2026,200,FALSE,PAID,LOT-009,2026-01-31,2026-01-01 08:00:00,2026-01-01 08:00:00
BIL-2026-00037,2,2026,200,FALSE,PAID,LOT-009,2026-02-28,2026-02-01 08:00:00,2026-02-01 08:00:00
BIL-2026-00038,3,2026,200,FALSE,OVERDUE,LOT-009,2026-03-31,2026-03-01 08:00:00,2026-03-01 08:00:00
BIL-2026-00039,4,2026,200,FALSE,OVERDUE,LOT-009,2026-04-30,2026-04-01 08:00:00,2026-04-01 08:00:00
BIL-2026-00040,5,2026,200,FALSE,OVERDUE,LOT-009,2026-05-31,2026-05-01 08:00:00,2026-05-01 08:00:00
BIL-2026-00041,6,2026,200,FALSE,OVERDUE,LOT-009,2026-06-30,2026-06-01 08:00:00,2026-06-01 08:00:00
BIL-2026-00042,7,2026,200,FALSE,OVERDUE,LOT-009,2026-07-31,2026-07-01 08:00:00,2026-07-01 08:00:00
BIL-2026-00043,1,2026,200,FALSE,PAID,LOT-010,2026-01-31,2026-01-01 08:00:00,2026-01-01 08:00:00
BIL-2026-00044,2,2026,200,FALSE,PAID,LOT-010,2026-02-28,2026-02-01 08:00:00,2026-02-01 08:00:00
BIL-2026-00045,3,2026,200,FALSE,PENDING,LOT-010,2026-03-31,2026-03-01 08:00:00,2026-03-01 08:00:00
BIL-2026-00046,4,2026,200,FALSE,OVERDUE,LOT-010,2026-04-30,2026-04-01 08:00:00,2026-04-01 08:00:00
BIL-2026-00047,5,2026,200,FALSE,OVERDUE,LOT-010,2026-05-31,2026-05-01 08:00:00,2026-05-01 08:00:00
BIL-2026-00048,6,2026,200,FALSE,OVERDUE,LOT-010,2026-06-30,2026-06-01 08:00:00,2026-06-01 08:00:00
BIL-2026-00049,7,2026,200,FALSE,OVERDUE,LOT-010,2026-07-31,2026-07-01 08:00:00,2026-07-01 08:00:00
BIL-2026-00050,1,2026,200,FALSE,OVERDUE,LOT-011,2026-01-31,2026-01-01 08:00:00,2026-01-01 08:00:00
BIL-2026-00051,2,2026,200,FALSE,OVERDUE,LOT-011,2026-02-28,2026-02-01 08:00:00,2026-02-01 08:00:00
BIL-2026-00052,3,2026,200,FALSE,OVERDUE,LOT-011,2026-03-31,2026-03-01 08:00:00,2026-03-01 08:00:00
BIL-2026-00053,4,2026,200,FALSE,OVERDUE,LOT-011,2026-04-30,2026-04-01 08:00:00,2026-04-01 08:00:00
BIL-2026-00054,5,2026,200,FALSE,OVERDUE,LOT-011,2026-05-31,2026-05-01 08:00:00,2026-05-01 08:00:00
BIL-2026-00055,6,2026,200,FALSE,OVERDUE,LOT-011,2026-06-30,2026-06-01 08:00:00,2026-06-01 08:00:00
BIL-2026-00056,7,2026,200,FALSE,OVERDUE,LOT-011,2026-07-31,2026-07-01 08:00:00,2026-07-01 08:00:00
BIL-2026-00057,1,2026,200,FALSE,OVERDUE,LOT-012,2026-01-31,2026-01-01 08:00:00,2026-01-01 08:00:00
BIL-2026-00058,2,2026,200,FALSE,OVERDUE,LOT-012,2026-02-28,2026-02-01 08:00:00,2026-02-01 08:00:00
BIL-2026-00059,3,2026,200,FALSE,OVERDUE,LOT-012,2026-03-31,2026-03-01 08:00:00,2026-03-01 08:00:00
BIL-2026-00060,4,2026,200,FALSE,OVERDUE,LOT-012,2026-04-30,2026-04-01 08:00:00,2026-04-01 08:00:00
BIL-2026-00061,5,2026,200,FALSE,OVERDUE,LOT-012,2026-05-31,2026-05-01 08:00:00,2026-05-01 08:00:00
BIL-2026-00062,6,2026,200,FALSE,OVERDUE,LOT-012,2026-06-30,2026-06-01 08:00:00,2026-06-01 08:00:00
BIL-2026-00063,7,2026,200,FALSE,OVERDUE,LOT-012,2026-07-31,2026-07-01 08:00:00,2026-07-01 08:00:00
BIL-2026-00064,1,2026,200,FALSE,PAID,LOT-013,2026-01-31,2026-01-01 08:00:00,2026-01-01 08:00:00
BIL-2026-00065,2,2026,200,FALSE,PAID,LOT-013,2026-02-28,2026-02-01 08:00:00,2026-02-01 08:00:00
BIL-2026-00066,3,2026,200,FALSE,PAID,LOT-013,2026-03-31,2026-03-01 08:00:00,2026-03-01 08:00:00
BIL-2026-00067,4,2026,200,FALSE,PAID,LOT-013,2026-04-30,2026-04-01 08:00:00,2026-04-01 08:00:00
BIL-2026-00068,5,2026,200,FALSE,OVERDUE,LOT-013,2026-05-31,2026-05-01 08:00:00,2026-05-01 08:00:00
BIL-2026-00069,6,2026,200,FALSE,OVERDUE,LOT-013,2026-06-30,2026-06-01 08:00:00,2026-06-01 08:00:00
BIL-2026-00070,7,2026,200,FALSE,OVERDUE,LOT-013,2026-07-31,2026-07-01 08:00:00,2026-07-01 08:00:00
BIL-2026-00071,1,2026,200,FALSE,PAID,LOT-014,2026-01-31,2026-01-01 08:00:00,2026-01-01 08:00:00
BIL-2026-00072,2,2026,200,FALSE,PAID,LOT-014,2026-02-28,2026-02-01 08:00:00,2026-02-01 08:00:00
BIL-2026-00073,3,2026,200,FALSE,OVERDUE,LOT-014,2026-03-31,2026-03-01 08:00:00,2026-03-01 08:00:00
BIL-2026-00074,4,2026,200,FALSE,OVERDUE,LOT-014,2026-04-30,2026-04-01 08:00:00,2026-04-01 08:00:00
BIL-2026-00075,5,2026,200,FALSE,OVERDUE,LOT-014,2026-05-31,2026-05-01 08:00:00,2026-05-01 08:00:00
BIL-2026-00076,6,2026,200,FALSE,OVERDUE,LOT-014,2026-06-30,2026-06-01 08:00:00,2026-06-01 08:00:00
BIL-2026-00077,7,2026,200,FALSE,OVERDUE,LOT-014,2026-07-31,2026-07-01 08:00:00,2026-07-01 08:00:00
BIL-2026-00078,1,2026,200,FALSE,OVERDUE,LOT-015,2026-01-31,2026-01-01 08:00:00,2026-01-01 08:00:00
BIL-2026-00079,2,2026,200,FALSE,OVERDUE,LOT-015,2026-02-28,2026-02-01 08:00:00,2026-02-01 08:00:00
BIL-2026-00080,3,2026,200,FALSE,OVERDUE,LOT-015,2026-03-31,2026-03-01 08:00:00,2026-03-01 08:00:00
BIL-2026-00081,4,2026,200,FALSE,OVERDUE,LOT-015,2026-04-30,2026-04-01 08:00:00,2026-04-01 08:00:00
BIL-2026-00082,5,2026,200,FALSE,OVERDUE,LOT-015,2026-05-31,2026-05-01 08:00:00,2026-05-01 08:00:00
BIL-2026-00083,6,2026,200,FALSE,OVERDUE,LOT-015,2026-06-30,2026-06-01 08:00:00,2026-06-01 08:00:00
BIL-2026-00084,7,2026,200,FALSE,OVERDUE,LOT-015,2026-07-31,2026-07-01 08:00:00,2026-07-01 08:00:00
BIL-2026-00085,1,2026,200,FALSE,PAID,LOT-016,2026-01-31,2026-01-01 08:00:00,2026-01-01 08:00:00
BIL-2026-00086,2,2026,200,FALSE,PAID,LOT-016,2026-02-28,2026-02-01 08:00:00,2026-02-01 08:00:00
BIL-2026-00087,3,2026,200,FALSE,PAID,LOT-016,2026-03-31,2026-03-01 08:00:00,2026-03-01 08:00:00
BIL-2026-00088,4,2026,200,FALSE,OVERDUE,LOT-016,2026-04-30,2026-04-01 08:00:00,2026-04-01 08:00:00
BIL-2026-00089,5,2026,200,FALSE,OVERDUE,LOT-016,2026-05-31,2026-05-01 08:00:00,2026-05-01 08:00:00
BIL-2026-00090,6,2026,200,FALSE,OVERDUE,LOT-016,2026-06-30,2026-06-01 08:00:00,2026-06-01 08:00:00
BIL-2026-00091,7,2026,200,FALSE,OVERDUE,LOT-016,2026-07-31,2026-07-01 08:00:00,2026-07-01 08:00:00
BIL-2026-00092,1,2026,200,FALSE,OVERDUE,LOT-017,2026-01-31,2026-01-01 08:00:00,2026-01-01 08:00:00
BIL-2026-00093,2,2026,200,FALSE,OVERDUE,LOT-017,2026-02-28,2026-02-01 08:00:00,2026-02-01 08:00:00
BIL-2026-00094,3,2026,200,FALSE,OVERDUE,LOT-017,2026-03-31,2026-03-01 08:00:00,2026-03-01 08:00:00
BIL-2026-00095,4,2026,200,FALSE,OVERDUE,LOT-017,2026-04-30,2026-04-01 08:00:00,2026-04-01 08:00:00
BIL-2026-00096,5,2026,200,FALSE,OVERDUE,LOT-017,2026-05-31,2026-05-01 08:00:00,2026-05-01 08:00:00
BIL-2026-00097,6,2026,200,FALSE,OVERDUE,LOT-017,2026-06-30,2026-06-01 08:00:00,2026-06-01 08:00:00
BIL-2026-00098,7,2026,200,FALSE,OVERDUE,LOT-017,2026-07-31,2026-07-01 08:00:00,2026-07-01 08:00:00
BIL-2026-00099,1,2026,200,FALSE,PAID,LOT-018,2026-01-31,2026-01-01 08:00:00,2026-01-01 08:00:00
BIL-2026-00100,2,2026,200,FALSE,PAID,LOT-018,2026-02-28,2026-02-01 08:00:00,2026-02-01 08:00:00
BIL-2026-00101,3,2026,200,FALSE,PAID,LOT-018,2026-03-31,2026-03-01 08:00:00,2026-03-01 08:00:00
BIL-2026-00102,4,2026,200,FALSE,PAID,LOT-018,2026-04-30,2026-04-01 08:00:00,2026-04-01 08:00:00
BIL-2026-00103,5,2026,200,FALSE,PAID,LOT-018,2026-05-31,2026-05-01 08:00:00,2026-05-01 08:00:00
BIL-2026-00104,6,2026,200,FALSE,PAID,LOT-018,2026-06-30,2026-06-01 08:00:00,2026-06-01 08:00:00
BIL-2026-00105,7,2026,200,FALSE,PAID,LOT-018,2026-07-31,2026-07-01 08:00:00,2026-07-01 08:00:00
BIL-2026-00106,1,2026,200,FALSE,PAID,LOT-019,2026-01-31,2026-01-01 08:00:00,2026-01-01 08:00:00
BIL-2026-00107,2,2026,200,FALSE,PAID,LOT-019,2026-02-28,2026-02-01 08:00:00,2026-02-01 08:00:00
BIL-2026-00108,3,2026,200,FALSE,PAID,LOT-019,2026-03-31,2026-03-01 08:00:00,2026-03-01 08:00:00
BIL-2026-00109,4,2026,200,FALSE,PAID,LOT-019,2026-04-30,2026-04-01 08:00:00,2026-04-01 08:00:00
BIL-2026-00110,5,2026,200,FALSE,OVERDUE,LOT-019,2026-05-31,2026-05-01 08:00:00,2026-05-01 08:00:00
BIL-2026-00111,6,2026,200,FALSE,OVERDUE,LOT-019,2026-06-30,2026-06-01 08:00:00,2026-06-01 08:00:00
BIL-2026-00112,7,2026,200,FALSE,OVERDUE,LOT-019,2026-07-31,2026-07-01 08:00:00,2026-07-01 08:00:00
BIL-2026-00113,1,2026,200,FALSE,PAID,LOT-021,2026-01-31,2026-01-01 08:00:00,2026-01-01 08:00:00
BIL-2026-00114,2,2026,200,FALSE,PAID,LOT-021,2026-02-28,2026-02-01 08:00:00,2026-02-01 08:00:00
BIL-2026-00115,3,2026,200,FALSE,PAID,LOT-021,2026-03-31,2026-03-01 08:00:00,2026-03-01 08:00:00
BIL-2026-00116,4,2026,200,FALSE,PAID,LOT-021,2026-04-30,2026-04-01 08:00:00,2026-04-01 08:00:00
BIL-2026-00117,5,2026,200,FALSE,PAID,LOT-021,2026-05-31,2026-05-01 08:00:00,2026-05-01 08:00:00
BIL-2026-00118,6,2026,200,FALSE,PAID,LOT-021,2026-06-30,2026-06-01 08:00:00,2026-06-01 08:00:00
BIL-2026-00119,7,2026,200,FALSE,PAID,LOT-021,2026-07-31,2026-07-01 08:00:00,2026-07-01 08:00:00
BIL-2026-00120,1,2026,200,FALSE,PAID,LOT-022,2026-01-31,2026-01-01 08:00:00,2026-01-01 08:00:00
BIL-2026-00121,2,2026,200,FALSE,PAID,LOT-022,2026-02-28,2026-02-01 08:00:00,2026-02-01 08:00:00
BIL-2026-00122,3,2026,200,FALSE,PAID,LOT-022,2026-03-31,2026-03-01 08:00:00,2026-03-01 08:00:00
BIL-2026-00123,4,2026,200,FALSE,PAID,LOT-022,2026-04-30,2026-04-01 08:00:00,2026-04-01 08:00:00
BIL-2026-00124,5,2026,200,FALSE,PAID,LOT-022,2026-05-31,2026-05-01 08:00:00,2026-05-01 08:00:00
BIL-2026-00125,6,2026,200,FALSE,PAID,LOT-022,2026-06-30,2026-06-01 08:00:00,2026-06-01 08:00:00
BIL-2026-00126,7,2026,200,FALSE,PAID,LOT-022,2026-07-31,2026-07-01 08:00:00,2026-07-01 08:00:00
BIL-2026-00127,1,2026,200,FALSE,PAID,LOT-023,2026-01-31,2026-01-01 08:00:00,2026-01-01 08:00:00
BIL-2026-00128,2,2026,200,FALSE,PAID,LOT-023,2026-02-28,2026-02-01 08:00:00,2026-02-01 08:00:00
BIL-2026-00129,3,2026,200,FALSE,PAID,LOT-023,2026-03-31,2026-03-01 08:00:00,2026-03-01 08:00:00
BIL-2026-00130,4,2026,200,FALSE,PAID,LOT-023,2026-04-30,2026-04-01 08:00:00,2026-04-01 08:00:00
BIL-2026-00131,5,2026,200,FALSE,PAID,LOT-023,2026-05-31,2026-05-01 08:00:00,2026-05-01 08:00:00
BIL-2026-00132,6,2026,200,FALSE,PAID,LOT-023,2026-06-30,2026-06-01 08:00:00,2026-06-01 08:00:00
BIL-2026-00133,7,2026,200,FALSE,PAID,LOT-023,2026-07-31,2026-07-01 08:00:00,2026-07-01 08:00:00
BIL-2026-00134,1,2026,200,FALSE,OVERDUE,LOT-024,2026-01-31,2026-01-01 08:00:00,2026-01-01 08:00:00
BIL-2026-00135,2,2026,200,FALSE,OVERDUE,LOT-024,2026-02-28,2026-02-01 08:00:00,2026-02-01 08:00:00
BIL-2026-00136,3,2026,200,FALSE,OVERDUE,LOT-024,2026-03-31,2026-03-01 08:00:00,2026-03-01 08:00:00
BIL-2026-00137,4,2026,200,FALSE,OVERDUE,LOT-024,2026-04-30,2026-04-01 08:00:00,2026-04-01 08:00:00
BIL-2026-00138,5,2026,200,FALSE,OVERDUE,LOT-024,2026-05-31,2026-05-01 08:00:00,2026-05-01 08:00:00
BIL-2026-00139,6,2026,200,FALSE,OVERDUE,LOT-024,2026-06-30,2026-06-01 08:00:00,2026-06-01 08:00:00
BIL-2026-00140,7,2026,200,FALSE,OVERDUE,LOT-024,2026-07-31,2026-07-01 08:00:00,2026-07-01 08:00:00
BIL-2026-00141,1,2026,200,FALSE,OVERDUE,LOT-025,2026-01-31,2026-01-01 08:00:00,2026-01-01 08:00:00
BIL-2026-00142,2,2026,200,FALSE,OVERDUE,LOT-025,2026-02-28,2026-02-01 08:00:00,2026-02-01 08:00:00
BIL-2026-00143,3,2026,200,FALSE,OVERDUE,LOT-025,2026-03-31,2026-03-01 08:00:00,2026-03-01 08:00:00
BIL-2026-00144,4,2026,200,FALSE,OVERDUE,LOT-025,2026-04-30,2026-04-01 08:00:00,2026-04-01 08:00:00
BIL-2026-00145,5,2026,200,FALSE,OVERDUE,LOT-025,2026-05-31,2026-05-01 08:00:00,2026-05-01 08:00:00
BIL-2026-00146,6,2026,200,FALSE,OVERDUE,LOT-025,2026-06-30,2026-06-01 08:00:00,2026-06-01 08:00:00
BIL-2026-00147,7,2026,200,FALSE,OVERDUE,LOT-025,2026-07-31,2026-07-01 08:00:00,2026-07-01 08:00:00
BIL-2026-00148,1,2026,200,FALSE,PAID,LOT-026,2026-01-31,2026-01-01 08:00:00,2026-01-01 08:00:00
BIL-2026-00149,2,2026,200,FALSE,PAID,LOT-026,2026-02-28,2026-02-01 08:00:00,2026-02-01 08:00:00
BIL-2026-00150,3,2026,200,FALSE,OVERDUE,LOT-026,2026-03-31,2026-03-01 08:00:00,2026-03-01 08:00:00
BIL-2026-00151,4,2026,200,FALSE,OVERDUE,LOT-026,2026-04-30,2026-04-01 08:00:00,2026-04-01 08:00:00
BIL-2026-00152,5,2026,200,FALSE,OVERDUE,LOT-026,2026-05-31,2026-05-01 08:00:00,2026-05-01 08:00:00
BIL-2026-00153,6,2026,200,FALSE,OVERDUE,LOT-026,2026-06-30,2026-06-01 08:00:00,2026-06-01 08:00:00
BIL-2026-00154,7,2026,200,FALSE,OVERDUE,LOT-026,2026-07-31,2026-07-01 08:00:00,2026-07-01 08:00:00
BIL-2026-00155,1,2026,200,FALSE,OVERDUE,LOT-027,2026-01-31,2026-01-01 08:00:00,2026-01-01 08:00:00
BIL-2026-00156,2,2026,200,FALSE,OVERDUE,LOT-027,2026-02-28,2026-02-01 08:00:00,2026-02-01 08:00:00
BIL-2026-00157,3,2026,200,FALSE,OVERDUE,LOT-027,2026-03-31,2026-03-01 08:00:00,2026-03-01 08:00:00
BIL-2026-00158,4,2026,200,FALSE,OVERDUE,LOT-027,2026-04-30,2026-04-01 08:00:00,2026-04-01 08:00:00
BIL-2026-00159,5,2026,200,FALSE,OVERDUE,LOT-027,2026-05-31,2026-05-01 08:00:00,2026-05-01 08:00:00
BIL-2026-00160,6,2026,200,FALSE,OVERDUE,LOT-027,2026-06-30,2026-06-01 08:00:00,2026-06-01 08:00:00
BIL-2026-00161,7,2026,200,FALSE,OVERDUE,LOT-027,2026-07-31,2026-07-01 08:00:00,2026-07-01 08:00:00
BIL-2026-00162,1,2026,200,FALSE,OVERDUE,LOT-028,2026-01-31,2026-01-01 08:00:00,2026-01-01 08:00:00
BIL-2026-00163,2,2026,200,FALSE,OVERDUE,LOT-028,2026-02-28,2026-02-01 08:00:00,2026-02-01 08:00:00
BIL-2026-00164,3,2026,200,FALSE,OVERDUE,LOT-028,2026-03-31,2026-03-01 08:00:00,2026-03-01 08:00:00
BIL-2026-00165,4,2026,200,FALSE,OVERDUE,LOT-028,2026-04-30,2026-04-01 08:00:00,2026-04-01 08:00:00
BIL-2026-00166,5,2026,200,FALSE,OVERDUE,LOT-028,2026-05-31,2026-05-01 08:00:00,2026-05-01 08:00:00
BIL-2026-00167,6,2026,200,FALSE,OVERDUE,LOT-028,2026-06-30,2026-06-01 08:00:00,2026-06-01 08:00:00
BIL-2026-00168,7,2026,200,FALSE,OVERDUE,LOT-028,2026-07-31,2026-07-01 08:00:00,2026-07-01 08:00:00
BIL-2026-00169,1,2026,200,FALSE,PAID,LOT-029,2026-01-31,2026-01-01 08:00:00,2026-01-01 08:00:00
BIL-2026-00170,2,2026,200,FALSE,PAID,LOT-029,2026-02-28,2026-02-01 08:00:00,2026-02-01 08:00:00
BIL-2026-00171,3,2026,200,FALSE,PAID,LOT-029,2026-03-31,2026-03-01 08:00:00,2026-03-01 08:00:00
BIL-2026-00172,4,2026,200,FALSE,OVERDUE,LOT-029,2026-04-30,2026-04-01 08:00:00,2026-04-01 08:00:00
BIL-2026-00173,5,2026,200,FALSE,OVERDUE,LOT-029,2026-05-31,2026-05-01 08:00:00,2026-05-01 08:00:00
BIL-2026-00174,6,2026,200,FALSE,OVERDUE,LOT-029,2026-06-30,2026-06-01 08:00:00,2026-06-01 08:00:00
BIL-2026-00175,7,2026,200,FALSE,OVERDUE,LOT-029,2026-07-31,2026-07-01 08:00:00,2026-07-01 08:00:00
BIL-2026-00176,1,2026,200,FALSE,PAID,LOT-030,2026-01-31,2026-01-01 08:00:00,2026-01-01 08:00:00
BIL-2026-00177,2,2026,200,FALSE,PAID,LOT-030,2026-02-28,2026-02-01 08:00:00,2026-02-01 08:00:00
BIL-2026-00178,3,2026,200,FALSE,PAID,LOT-030,2026-03-31,2026-03-01 08:00:00,2026-03-01 08:00:00
BIL-2026-00179,4,2026,200,FALSE,PAID,LOT-030,2026-04-30,2026-04-01 08:00:00,2026-04-01 08:00:00
BIL-2026-00180,5,2026,200,FALSE,PAID,LOT-030,2026-05-31,2026-05-01 08:00:00,2026-05-01 08:00:00
BIL-2026-00181,6,2026,200,FALSE,PAID,LOT-030,2026-06-30,2026-06-01 08:00:00,2026-06-01 08:00:00
BIL-2026-00182,7,2026,200,FALSE,PAID,LOT-030,2026-07-31,2026-07-01 08:00:00,2026-07-01 08:00:00
BIL-2026-00183,1,2026,200,FALSE,PAID,LOT-031,2026-01-31,2026-01-01 08:00:00,2026-01-01 08:00:00
BIL-2026-00184,2,2026,200,FALSE,PAID,LOT-031,2026-02-28,2026-02-01 08:00:00,2026-02-01 08:00:00
BIL-2026-00185,3,2026,200,FALSE,PENDING,LOT-031,2026-03-31,2026-03-01 08:00:00,2026-03-01 08:00:00
BIL-2026-00186,4,2026,200,FALSE,OVERDUE,LOT-031,2026-04-30,2026-04-01 08:00:00,2026-04-01 08:00:00
BIL-2026-00187,5,2026,200,FALSE,OVERDUE,LOT-031,2026-05-31,2026-05-01 08:00:00,2026-05-01 08:00:00
BIL-2026-00188,6,2026,200,FALSE,OVERDUE,LOT-031,2026-06-30,2026-06-01 08:00:00,2026-06-01 08:00:00
BIL-2026-00189,7,2026,200,FALSE,OVERDUE,LOT-031,2026-07-31,2026-07-01 08:00:00,2026-07-01 08:00:00
BIL-2026-00190,1,2026,200,FALSE,OVERDUE,LOT-032,2026-01-31,2026-01-01 08:00:00,2026-01-01 08:00:00
BIL-2026-00191,2,2026,200,FALSE,OVERDUE,LOT-032,2026-02-28,2026-02-01 08:00:00,2026-02-01 08:00:00
BIL-2026-00192,3,2026,200,FALSE,OVERDUE,LOT-032,2026-03-31,2026-03-01 08:00:00,2026-03-01 08:00:00
BIL-2026-00193,4,2026,200,FALSE,OVERDUE,LOT-032,2026-04-30,2026-04-01 08:00:00,2026-04-01 08:00:00
BIL-2026-00194,5,2026,200,FALSE,OVERDUE,LOT-032,2026-05-31,2026-05-01 08:00:00,2026-05-01 08:00:00
BIL-2026-00195,6,2026,200,FALSE,OVERDUE,LOT-032,2026-06-30,2026-06-01 08:00:00,2026-06-01 08:00:00
BIL-2026-00196,7,2026,200,FALSE,OVERDUE,LOT-032,2026-07-31,2026-07-01 08:00:00,2026-07-01 08:00:00
BIL-2026-00197,1,2026,200,FALSE,PAID,LOT-033,2026-01-31,2026-01-01 08:00:00,2026-01-01 08:00:00
BIL-2026-00198,2,2026,200,FALSE,PAID,LOT-033,2026-02-28,2026-02-01 08:00:00,2026-02-01 08:00:00
BIL-2026-00199,3,2026,200,FALSE,PENDING,LOT-033,2026-03-31,2026-03-01 08:00:00,2026-03-01 08:00:00
BIL-2026-00200,4,2026,200,FALSE,OVERDUE,LOT-033,2026-04-30,2026-04-01 08:00:00,2026-04-01 08:00:00
BIL-2026-00201,5,2026,200,FALSE,OVERDUE,LOT-033,2026-05-31,2026-05-01 08:00:00,2026-05-01 08:00:00
BIL-2026-00202,6,2026,200,FALSE,OVERDUE,LOT-033,2026-06-30,2026-06-01 08:00:00,2026-06-01 08:00:00
BIL-2026-00203,7,2026,200,FALSE,OVERDUE,LOT-033,2026-07-31,2026-07-01 08:00:00,2026-07-01 08:00:00
BIL-2026-00204,1,2026,200,FALSE,PAID,LOT-034,2026-01-31,2026-01-01 08:00:00,2026-01-01 08:00:00
BIL-2026-00205,2,2026,200,FALSE,PAID,LOT-034,2026-02-28,2026-02-01 08:00:00,2026-02-01 08:00:00
BIL-2026-00206,3,2026,200,FALSE,PAID,LOT-034,2026-03-31,2026-03-01 08:00:00,2026-03-01 08:00:00
BIL-2026-00207,4,2026,200,FALSE,PAID,LOT-034,2026-04-30,2026-04-01 08:00:00,2026-04-01 08:00:00
BIL-2026-00208,5,2026,200,FALSE,OVERDUE,LOT-034,2026-05-31,2026-05-01 08:00:00,2026-05-01 08:00:00
BIL-2026-00209,6,2026,200,FALSE,OVERDUE,LOT-034,2026-06-30,2026-06-01 08:00:00,2026-06-01 08:00:00
BIL-2026-00210,7,2026,200,FALSE,OVERDUE,LOT-034,2026-07-31,2026-07-01 08:00:00,2026-07-01 08:00:00
BIL-2026-00211,1,2026,200,FALSE,PAID,LOT-035,2026-01-31,2026-01-01 08:00:00,2026-01-01 08:00:00
BIL-2026-00212,2,2026,200,FALSE,PAID,LOT-035,2026-02-28,2026-02-01 08:00:00,2026-02-01 08:00:00
BIL-2026-00213,3,2026,200,FALSE,PAID,LOT-035,2026-03-31,2026-03-01 08:00:00,2026-03-01 08:00:00
BIL-2026-00214,4,2026,200,FALSE,PAID,LOT-035,2026-04-30,2026-04-01 08:00:00,2026-04-01 08:00:00
BIL-2026-00215,5,2026,200,FALSE,PAID,LOT-035,2026-05-31,2026-05-01 08:00:00,2026-05-01 08:00:00
BIL-2026-00216,6,2026,200,FALSE,PAID,LOT-035,2026-06-30,2026-06-01 08:00:00,2026-06-01 08:00:00
BIL-2026-00217,7,2026,200,FALSE,PAID,LOT-035,2026-07-31,2026-07-01 08:00:00,2026-07-01 08:00:00
BIL-2026-00218,1,2026,200,FALSE,PAID,LOT-036,2026-01-31,2026-01-01 08:00:00,2026-01-01 08:00:00
BIL-2026-00219,2,2026,200,FALSE,PAID,LOT-036,2026-02-28,2026-02-01 08:00:00,2026-02-01 08:00:00
BIL-2026-00220,3,2026,200,FALSE,OVERDUE,LOT-036,2026-03-31,2026-03-01 08:00:00,2026-03-01 08:00:00
BIL-2026-00221,4,2026,200,FALSE,OVERDUE,LOT-036,2026-04-30,2026-04-01 08:00:00,2026-04-01 08:00:00
BIL-2026-00222,5,2026,200,FALSE,OVERDUE,LOT-036,2026-05-31,2026-05-01 08:00:00,2026-05-01 08:00:00
BIL-2026-00223,6,2026,200,FALSE,OVERDUE,LOT-036,2026-06-30,2026-06-01 08:00:00,2026-06-01 08:00:00
BIL-2026-00224,7,2026,200,FALSE,OVERDUE,LOT-036,2026-07-31,2026-07-01 08:00:00,2026-07-01 08:00:00
BIL-2026-00225,1,2026,200,FALSE,PAID,LOT-037,2026-01-31,2026-01-01 08:00:00,2026-01-01 08:00:00
BIL-2026-00226,2,2026,200,FALSE,PAID,LOT-037,2026-02-28,2026-02-01 08:00:00,2026-02-01 08:00:00
BIL-2026-00227,3,2026,200,FALSE,PAID,LOT-037,2026-03-31,2026-03-01 08:00:00,2026-03-01 08:00:00
BIL-2026-00228,4,2026,200,FALSE,PAID,LOT-037,2026-04-30,2026-04-01 08:00:00,2026-04-01 08:00:00
BIL-2026-00229,5,2026,200,FALSE,PAID,LOT-037,2026-05-31,2026-05-01 08:00:00,2026-05-01 08:00:00
BIL-2026-00230,6,2026,200,FALSE,PAID,LOT-037,2026-06-30,2026-06-01 08:00:00,2026-06-01 08:00:00
BIL-2026-00231,7,2026,200,FALSE,PAID,LOT-037,2026-07-31,2026-07-01 08:00:00,2026-07-01 08:00:00
BIL-2026-00232,1,2026,200,FALSE,PAID,LOT-038,2026-01-31,2026-01-01 08:00:00,2026-01-01 08:00:00
BIL-2026-00233,2,2026,200,FALSE,PAID,LOT-038,2026-02-28,2026-02-01 08:00:00,2026-02-01 08:00:00
BIL-2026-00234,3,2026,200,FALSE,PAID,LOT-038,2026-03-31,2026-03-01 08:00:00,2026-03-01 08:00:00
BIL-2026-00235,4,2026,200,FALSE,OVERDUE,LOT-038,2026-04-30,2026-04-01 08:00:00,2026-04-01 08:00:00
BIL-2026-00236,5,2026,200,FALSE,OVERDUE,LOT-038,2026-05-31,2026-05-01 08:00:00,2026-05-01 08:00:00
BIL-2026-00237,6,2026,200,FALSE,OVERDUE,LOT-038,2026-06-30,2026-06-01 08:00:00,2026-06-01 08:00:00
BIL-2026-00238,7,2026,200,FALSE,OVERDUE,LOT-038,2026-07-31,2026-07-01 08:00:00,2026-07-01 08:00:00
BIL-2026-00239,1,2026,200,FALSE,PAID,LOT-039,2026-01-31,2026-01-01 08:00:00,2026-01-01 08:00:00
BIL-2026-00240,2,2026,200,FALSE,PAID,LOT-039,2026-02-28,2026-02-01 08:00:00,2026-02-01 08:00:00
BIL-2026-00241,3,2026,200,FALSE,PAID,LOT-039,2026-03-31,2026-03-01 08:00:00,2026-03-01 08:00:00
BIL-2026-00242,4,2026,200,FALSE,OVERDUE,LOT-039,2026-04-30,2026-04-01 08:00:00,2026-04-01 08:00:00
BIL-2026-00243,5,2026,200,FALSE,OVERDUE,LOT-039,2026-05-31,2026-05-01 08:00:00,2026-05-01 08:00:00
BIL-2026-00244,6,2026,200,FALSE,OVERDUE,LOT-039,2026-06-30,2026-06-01 08:00:00,2026-06-01 08:00:00
BIL-2026-00245,7,2026,200,FALSE,OVERDUE,LOT-039,2026-07-31,2026-07-01 08:00:00,2026-07-01 08:00:00
BIL-2026-00246,1,2026,200,FALSE,PAID,LOT-040,2026-01-31,2026-01-01 08:00:00,2026-01-01 08:00:00
BIL-2026-00247,2,2026,200,FALSE,PAID,LOT-040,2026-02-28,2026-02-01 08:00:00,2026-02-01 08:00:00
BIL-2026-00248,3,2026,200,FALSE,PAID,LOT-040,2026-03-31,2026-03-01 08:00:00,2026-03-01 08:00:00
BIL-2026-00249,4,2026,200,FALSE,PAID,LOT-040,2026-04-30,2026-04-01 08:00:00,2026-04-01 08:00:00
BIL-2026-00250,5,2026,200,FALSE,PAID,LOT-040,2026-05-31,2026-05-01 08:00:00,2026-05-01 08:00:00
BIL-2026-00251,6,2026,200,FALSE,PAID,LOT-040,2026-06-30,2026-06-01 08:00:00,2026-06-01 08:00:00
BIL-2026-00252,7,2026,200,FALSE,PENDING,LOT-040,2026-07-31,2026-07-01 08:00:00,2026-07-01 08:00:00
BIL-2026-00253,1,2026,200,FALSE,PAID,LOT-041,2026-01-31,2026-01-01 08:00:00,2026-01-01 08:00:00
BIL-2026-00254,2,2026,200,FALSE,PAID,LOT-041,2026-02-28,2026-02-01 08:00:00,2026-02-01 08:00:00
BIL-2026-00255,3,2026,200,FALSE,PAID,LOT-041,2026-03-31,2026-03-01 08:00:00,2026-03-01 08:00:00
BIL-2026-00256,4,2026,200,FALSE,PAID,LOT-041,2026-04-30,2026-04-01 08:00:00,2026-04-01 08:00:00
BIL-2026-00257,5,2026,200,FALSE,PAID,LOT-041,2026-05-31,2026-05-01 08:00:00,2026-05-01 08:00:00
BIL-2026-00258,6,2026,200,FALSE,PAID,LOT-041,2026-06-30,2026-06-01 08:00:00,2026-06-01 08:00:00
BIL-2026-00259,7,2026,200,FALSE,PAID,LOT-041,2026-07-31,2026-07-01 08:00:00,2026-07-01 08:00:00
BIL-2026-00260,1,2026,200,FALSE,PAID,LOT-042,2026-01-31,2026-01-01 08:00:00,2026-01-01 08:00:00
BIL-2026-00261,2,2026,200,FALSE,PAID,LOT-042,2026-02-28,2026-02-01 08:00:00,2026-02-01 08:00:00
BIL-2026-00262,3,2026,200,FALSE,OVERDUE,LOT-042,2026-03-31,2026-03-01 08:00:00,2026-03-01 08:00:00
BIL-2026-00263,4,2026,200,FALSE,OVERDUE,LOT-042,2026-04-30,2026-04-01 08:00:00,2026-04-01 08:00:00
BIL-2026-00264,5,2026,200,FALSE,OVERDUE,LOT-042,2026-05-31,2026-05-01 08:00:00,2026-05-01 08:00:00
BIL-2026-00265,6,2026,200,FALSE,OVERDUE,LOT-042,2026-06-30,2026-06-01 08:00:00,2026-06-01 08:00:00
BIL-2026-00266,7,2026,200,FALSE,OVERDUE,LOT-042,2026-07-31,2026-07-01 08:00:00,2026-07-01 08:00:00
BIL-2026-00267,1,2026,200,FALSE,PAID,LOT-043,2026-01-31,2026-01-01 08:00:00,2026-01-01 08:00:00
BIL-2026-00268,2,2026,200,FALSE,PAID,LOT-043,2026-02-28,2026-02-01 08:00:00,2026-02-01 08:00:00
BIL-2026-00269,3,2026,200,FALSE,PAID,LOT-043,2026-03-31,2026-03-01 08:00:00,2026-03-01 08:00:00
BIL-2026-00270,4,2026,200,FALSE,PAID,LOT-043,2026-04-30,2026-04-01 08:00:00,2026-04-01 08:00:00
BIL-2026-00271,5,2026,200,FALSE,PAID,LOT-043,2026-05-31,2026-05-01 08:00:00,2026-05-01 08:00:00
BIL-2026-00272,6,2026,200,FALSE,PAID,LOT-043,2026-06-30,2026-06-01 08:00:00,2026-06-01 08:00:00
BIL-2026-00273,7,2026,200,FALSE,PAID,LOT-043,2026-07-31,2026-07-01 08:00:00,2026-07-01 08:00:00
BIL-2026-00274,1,2026,200,FALSE,PAID,LOT-044,2026-01-31,2026-01-01 08:00:00,2026-01-01 08:00:00
BIL-2026-00275,2,2026,200,FALSE,PAID,LOT-044,2026-02-28,2026-02-01 08:00:00,2026-02-01 08:00:00
BIL-2026-00276,3,2026,200,FALSE,PAID,LOT-044,2026-03-31,2026-03-01 08:00:00,2026-03-01 08:00:00
BIL-2026-00277,4,2026,200,FALSE,PAID,LOT-044,2026-04-30,2026-04-01 08:00:00,2026-04-01 08:00:00
BIL-2026-00278,5,2026,200,FALSE,PAID,LOT-044,2026-05-31,2026-05-01 08:00:00,2026-05-01 08:00:00
BIL-2026-00279,6,2026,200,FALSE,PAID,LOT-044,2026-06-30,2026-06-01 08:00:00,2026-06-01 08:00:00
BIL-2026-00280,7,2026,200,FALSE,PAID,LOT-044,2026-07-31,2026-07-01 08:00:00,2026-07-01 08:00:00
BIL-2026-00281,1,2026,200,FALSE,PAID,LOT-045,2026-01-31,2026-01-01 08:00:00,2026-01-01 08:00:00
BIL-2026-00282,2,2026,200,FALSE,PAID,LOT-045,2026-02-28,2026-02-01 08:00:00,2026-02-01 08:00:00
BIL-2026-00283,3,2026,200,FALSE,PAID,LOT-045,2026-03-31,2026-03-01 08:00:00,2026-03-01 08:00:00
BIL-2026-00284,4,2026,200,FALSE,PAID,LOT-045,2026-04-30,2026-04-01 08:00:00,2026-04-01 08:00:00
BIL-2026-00285,5,2026,200,FALSE,PAID,LOT-045,2026-05-31,2026-05-01 08:00:00,2026-05-01 08:00:00
BIL-2026-00286,6,2026,200,FALSE,PAID,LOT-045,2026-06-30,2026-06-01 08:00:00,2026-06-01 08:00:00
BIL-2026-00287,7,2026,200,FALSE,PAID,LOT-045,2026-07-31,2026-07-01 08:00:00,2026-07-01 08:00:00
BIL-2026-00288,1,2026,200,FALSE,PAID,LOT-046,2026-01-31,2026-01-01 08:00:00,2026-01-01 08:00:00
BIL-2026-00289,2,2026,200,FALSE,PAID,LOT-046,2026-02-28,2026-02-01 08:00:00,2026-02-01 08:00:00
BIL-2026-00290,3,2026,200,FALSE,PAID,LOT-046,2026-03-31,2026-03-01 08:00:00,2026-03-01 08:00:00
BIL-2026-00291,4,2026,200,FALSE,PAID,LOT-046,2026-04-30,2026-04-01 08:00:00,2026-04-01 08:00:00
BIL-2026-00292,5,2026,200,FALSE,PAID,LOT-046,2026-05-31,2026-05-01 08:00:00,2026-05-01 08:00:00
BIL-2026-00293,6,2026,200,FALSE,PAID,LOT-046,2026-06-30,2026-06-01 08:00:00,2026-06-01 08:00:00
BIL-2026-00294,7,2026,200,FALSE,PAID,LOT-046,2026-07-31,2026-07-01 08:00:00,2026-07-01 08:00:00
BIL-2026-00295,1,2026,200,FALSE,PAID,LOT-047,2026-01-31,2026-01-01 08:00:00,2026-01-01 08:00:00
BIL-2026-00296,2,2026,200,FALSE,PAID,LOT-047,2026-02-28,2026-02-01 08:00:00,2026-02-01 08:00:00
BIL-2026-00297,3,2026,200,FALSE,PAID,LOT-047,2026-03-31,2026-03-01 08:00:00,2026-03-01 08:00:00
BIL-2026-00298,4,2026,200,FALSE,PAID,LOT-047,2026-04-30,2026-04-01 08:00:00,2026-04-01 08:00:00
BIL-2026-00299,5,2026,200,FALSE,PAID,LOT-047,2026-05-31,2026-05-01 08:00:00,2026-05-01 08:00:00
BIL-2026-00300,6,2026,200,FALSE,PAID,LOT-047,2026-06-30,2026-06-01 08:00:00,2026-06-01 08:00:00
BIL-2026-00301,7,2026,200,FALSE,PAID,LOT-047,2026-07-31,2026-07-01 08:00:00,2026-07-01 08:00:00
BIL-2026-00302,1,2026,200,FALSE,OVERDUE,LOT-048,2026-01-31,2026-01-01 08:00:00,2026-01-01 08:00:00
BIL-2026-00303,2,2026,200,FALSE,OVERDUE,LOT-048,2026-02-28,2026-02-01 08:00:00,2026-02-01 08:00:00
BIL-2026-00304,3,2026,200,FALSE,OVERDUE,LOT-048,2026-03-31,2026-03-01 08:00:00,2026-03-01 08:00:00
BIL-2026-00305,4,2026,200,FALSE,OVERDUE,LOT-048,2026-04-30,2026-04-01 08:00:00,2026-04-01 08:00:00
BIL-2026-00306,5,2026,200,FALSE,OVERDUE,LOT-048,2026-05-31,2026-05-01 08:00:00,2026-05-01 08:00:00
BIL-2026-00307,6,2026,200,FALSE,OVERDUE,LOT-048,2026-06-30,2026-06-01 08:00:00,2026-06-01 08:00:00
BIL-2026-00308,7,2026,200,FALSE,OVERDUE,LOT-048,2026-07-31,2026-07-01 08:00:00,2026-07-01 08:00:00
BIL-2026-00309,1,2026,200,FALSE,PAID,LOT-049,2026-01-31,2026-01-01 08:00:00,2026-01-01 08:00:00
BIL-2026-00310,2,2026,200,FALSE,PAID,LOT-049,2026-02-28,2026-02-01 08:00:00,2026-02-01 08:00:00
BIL-2026-00311,3,2026,200,FALSE,PAID,LOT-049,2026-03-31,2026-03-01 08:00:00,2026-03-01 08:00:00
BIL-2026-00312,4,2026,200,FALSE,OVERDUE,LOT-049,2026-04-30,2026-04-01 08:00:00,2026-04-01 08:00:00
BIL-2026-00313,5,2026,200,FALSE,OVERDUE,LOT-049,2026-05-31,2026-05-01 08:00:00,2026-05-01 08:00:00
BIL-2026-00314,6,2026,200,FALSE,OVERDUE,LOT-049,2026-06-30,2026-06-01 08:00:00,2026-06-01 08:00:00
BIL-2026-00315,7,2026,200,FALSE,OVERDUE,LOT-049,2026-07-31,2026-07-01 08:00:00,2026-07-01 08:00:00
BIL-2026-00316,1,2026,200,FALSE,PAID,LOT-050,2026-01-31,2026-01-01 08:00:00,2026-01-01 08:00:00
BIL-2026-00317,2,2026,200,FALSE,PAID,LOT-050,2026-02-28,2026-02-01 08:00:00,2026-02-01 08:00:00
BIL-2026-00318,3,2026,200,FALSE,OVERDUE,LOT-050,2026-03-31,2026-03-01 08:00:00,2026-03-01 08:00:00
BIL-2026-00319,4,2026,200,FALSE,OVERDUE,LOT-050,2026-04-30,2026-04-01 08:00:00,2026-04-01 08:00:00
BIL-2026-00320,5,2026,200,FALSE,OVERDUE,LOT-050,2026-05-31,2026-05-01 08:00:00,2026-05-01 08:00:00
BIL-2026-00321,6,2026,200,FALSE,OVERDUE,LOT-050,2026-06-30,2026-06-01 08:00:00,2026-06-01 08:00:00
BIL-2026-00322,7,2026,200,FALSE,OVERDUE,LOT-050,2026-07-31,2026-07-01 08:00:00,2026-07-01 08:00:00
BIL-2026-00323,1,2026,200,FALSE,PAID,LOT-051,2026-01-31,2026-01-01 08:00:00,2026-01-01 08:00:00
BIL-2026-00324,2,2026,200,FALSE,PAID,LOT-051,2026-02-28,2026-02-01 08:00:00,2026-02-01 08:00:00
BIL-2026-00325,3,2026,200,FALSE,OVERDUE,LOT-051,2026-03-31,2026-03-01 08:00:00,2026-03-01 08:00:00
BIL-2026-00326,4,2026,200,FALSE,OVERDUE,LOT-051,2026-04-30,2026-04-01 08:00:00,2026-04-01 08:00:00
BIL-2026-00327,5,2026,200,FALSE,OVERDUE,LOT-051,2026-05-31,2026-05-01 08:00:00,2026-05-01 08:00:00
BIL-2026-00328,6,2026,200,FALSE,OVERDUE,LOT-051,2026-06-30,2026-06-01 08:00:00,2026-06-01 08:00:00
BIL-2026-00329,7,2026,200,FALSE,OVERDUE,LOT-051,2026-07-31,2026-07-01 08:00:00,2026-07-01 08:00:00
BIL-2026-00330,1,2026,200,FALSE,PAID,LOT-052,2026-01-31,2026-01-01 08:00:00,2026-01-01 08:00:00
BIL-2026-00331,2,2026,200,FALSE,PAID,LOT-052,2026-02-28,2026-02-01 08:00:00,2026-02-01 08:00:00
BIL-2026-00332,3,2026,200,FALSE,PAID,LOT-052,2026-03-31,2026-03-01 08:00:00,2026-03-01 08:00:00
BIL-2026-00333,4,2026,200,FALSE,OVERDUE,LOT-052,2026-04-30,2026-04-01 08:00:00,2026-04-01 08:00:00
BIL-2026-00334,5,2026,200,FALSE,OVERDUE,LOT-052,2026-05-31,2026-05-01 08:00:00,2026-05-01 08:00:00
BIL-2026-00335,6,2026,200,FALSE,OVERDUE,LOT-052,2026-06-30,2026-06-01 08:00:00,2026-06-01 08:00:00
BIL-2026-00336,7,2026,200,FALSE,OVERDUE,LOT-052,2026-07-31,2026-07-01 08:00:00,2026-07-01 08:00:00
BIL-2026-00337,1,2026,200,FALSE,OVERDUE,LOT-053,2026-01-31,2026-01-01 08:00:00,2026-01-01 08:00:00
BIL-2026-00338,2,2026,200,FALSE,OVERDUE,LOT-053,2026-02-28,2026-02-01 08:00:00,2026-02-01 08:00:00
BIL-2026-00339,3,2026,200,FALSE,OVERDUE,LOT-053,2026-03-31,2026-03-01 08:00:00,2026-03-01 08:00:00
BIL-2026-00340,4,2026,200,FALSE,OVERDUE,LOT-053,2026-04-30,2026-04-01 08:00:00,2026-04-01 08:00:00
BIL-2026-00341,5,2026,200,FALSE,OVERDUE,LOT-053,2026-05-31,2026-05-01 08:00:00,2026-05-01 08:00:00
BIL-2026-00342,6,2026,200,FALSE,OVERDUE,LOT-053,2026-06-30,2026-06-01 08:00:00,2026-06-01 08:00:00
BIL-2026-00343,7,2026,200,FALSE,OVERDUE,LOT-053,2026-07-31,2026-07-01 08:00:00,2026-07-01 08:00:00
BIL-2026-00344,1,2026,200,FALSE,PAID,LOT-054,2026-01-31,2026-01-01 08:00:00,2026-01-01 08:00:00
BIL-2026-00345,2,2026,200,FALSE,PAID,LOT-054,2026-02-28,2026-02-01 08:00:00,2026-02-01 08:00:00
BIL-2026-00346,3,2026,200,FALSE,PAID,LOT-054,2026-03-31,2026-03-01 08:00:00,2026-03-01 08:00:00
BIL-2026-00347,4,2026,200,FALSE,PAID,LOT-054,2026-04-30,2026-04-01 08:00:00,2026-04-01 08:00:00
BIL-2026-00348,5,2026,200,FALSE,PAID,LOT-054,2026-05-31,2026-05-01 08:00:00,2026-05-01 08:00:00
BIL-2026-00349,6,2026,200,FALSE,PAID,LOT-054,2026-06-30,2026-06-01 08:00:00,2026-06-01 08:00:00
BIL-2026-00350,7,2026,200,FALSE,PAID,LOT-054,2026-07-31,2026-07-01 08:00:00,2026-07-01 08:00:00
BIL-2026-00351,1,2026,200,FALSE,OVERDUE,LOT-055,2026-01-31,2026-01-01 08:00:00,2026-01-01 08:00:00
BIL-2026-00352,2,2026,200,FALSE,OVERDUE,LOT-055,2026-02-28,2026-02-01 08:00:00,2026-02-01 08:00:00
BIL-2026-00353,3,2026,200,FALSE,OVERDUE,LOT-055,2026-03-31,2026-03-01 08:00:00,2026-03-01 08:00:00
BIL-2026-00354,4,2026,200,FALSE,OVERDUE,LOT-055,2026-04-30,2026-04-01 08:00:00,2026-04-01 08:00:00
BIL-2026-00355,5,2026,200,FALSE,OVERDUE,LOT-055,2026-05-31,2026-05-01 08:00:00,2026-05-01 08:00:00
BIL-2026-00356,6,2026,200,FALSE,OVERDUE,LOT-055,2026-06-30,2026-06-01 08:00:00,2026-06-01 08:00:00
BIL-2026-00357,7,2026,200,FALSE,OVERDUE,LOT-055,2026-07-31,2026-07-01 08:00:00,2026-07-01 08:00:00
BIL-2026-00358,1,2026,200,FALSE,PAID,LOT-056,2026-01-31,2026-01-01 08:00:00,2026-01-01 08:00:00
BIL-2026-00359,2,2026,200,FALSE,PAID,LOT-056,2026-02-28,2026-02-01 08:00:00,2026-02-01 08:00:00
BIL-2026-00360,3,2026,200,FALSE,PAID,LOT-056,2026-03-31,2026-03-01 08:00:00,2026-03-01 08:00:00
BIL-2026-00361,4,2026,200,FALSE,PAID,LOT-056,2026-04-30,2026-04-01 08:00:00,2026-04-01 08:00:00
BIL-2026-00362,5,2026,200,FALSE,PAID,LOT-056,2026-05-31,2026-05-01 08:00:00,2026-05-01 08:00:00
BIL-2026-00363,6,2026,200,FALSE,PAID,LOT-056,2026-06-30,2026-06-01 08:00:00,2026-06-01 08:00:00
BIL-2026-00364,7,2026,200,FALSE,PAID,LOT-056,2026-07-31,2026-07-01 08:00:00,2026-07-01 08:00:00
BIL-2026-00365,1,2026,200,FALSE,PAID,LOT-057,2026-01-31,2026-01-01 08:00:00,2026-01-01 08:00:00
BIL-2026-00366,2,2026,200,FALSE,PAID,LOT-057,2026-02-28,2026-02-01 08:00:00,2026-02-01 08:00:00
BIL-2026-00367,3,2026,200,FALSE,PAID,LOT-057,2026-03-31,2026-03-01 08:00:00,2026-03-01 08:00:00
BIL-2026-00368,4,2026,200,FALSE,PAID,LOT-057,2026-04-30,2026-04-01 08:00:00,2026-04-01 08:00:00
BIL-2026-00369,5,2026,200,FALSE,PAID,LOT-057,2026-05-31,2026-05-01 08:00:00,2026-05-01 08:00:00
BIL-2026-00370,6,2026,200,FALSE,PAID,LOT-057,2026-06-30,2026-06-01 08:00:00,2026-06-01 08:00:00
BIL-2026-00371,7,2026,200,FALSE,PAID,LOT-057,2026-07-31,2026-07-01 08:00:00,2026-07-01 08:00:00
BIL-2026-00372,1,2026,200,FALSE,PAID,LOT-058,2026-01-31,2026-01-01 08:00:00,2026-01-01 08:00:00
BIL-2026-00373,2,2026,200,FALSE,PAID,LOT-058,2026-02-28,2026-02-01 08:00:00,2026-02-01 08:00:00
BIL-2026-00374,3,2026,200,FALSE,PAID,LOT-058,2026-03-31,2026-03-01 08:00:00,2026-03-01 08:00:00
BIL-2026-00375,4,2026,200,FALSE,PAID,LOT-058,2026-04-30,2026-04-01 08:00:00,2026-04-01 08:00:00
BIL-2026-00376,5,2026,200,FALSE,PAID,LOT-058,2026-05-31,2026-05-01 08:00:00,2026-05-01 08:00:00
BIL-2026-00377,6,2026,200,FALSE,PAID,LOT-058,2026-06-30,2026-06-01 08:00:00,2026-06-01 08:00:00
BIL-2026-00378,7,2026,200,FALSE,PAID,LOT-058,2026-07-31,2026-07-01 08:00:00,2026-07-01 08:00:00
BIL-2026-00379,1,2026,200,FALSE,OVERDUE,LOT-059,2026-01-31,2026-01-01 08:00:00,2026-01-01 08:00:00
BIL-2026-00380,2,2026,200,FALSE,OVERDUE,LOT-059,2026-02-28,2026-02-01 08:00:00,2026-02-01 08:00:00
BIL-2026-00381,3,2026,200,FALSE,OVERDUE,LOT-059,2026-03-31,2026-03-01 08:00:00,2026-03-01 08:00:00
BIL-2026-00382,4,2026,200,FALSE,OVERDUE,LOT-059,2026-04-30,2026-04-01 08:00:00,2026-04-01 08:00:00
BIL-2026-00383,5,2026,200,FALSE,OVERDUE,LOT-059,2026-05-31,2026-05-01 08:00:00,2026-05-01 08:00:00
BIL-2026-00384,6,2026,200,FALSE,OVERDUE,LOT-059,2026-06-30,2026-06-01 08:00:00,2026-06-01 08:00:00
BIL-2026-00385,7,2026,200,FALSE,OVERDUE,LOT-059,2026-07-31,2026-07-01 08:00:00,2026-07-01 08:00:00
BIL-2026-00386,1,2026,200,FALSE,OVERDUE,LOT-060,2026-01-31,2026-01-01 08:00:00,2026-01-01 08:00:00
BIL-2026-00387,2,2026,200,FALSE,OVERDUE,LOT-060,2026-02-28,2026-02-01 08:00:00,2026-02-01 08:00:00
BIL-2026-00388,3,2026,200,FALSE,OVERDUE,LOT-060,2026-03-31,2026-03-01 08:00:00,2026-03-01 08:00:00
BIL-2026-00389,4,2026,200,FALSE,OVERDUE,LOT-060,2026-04-30,2026-04-01 08:00:00,2026-04-01 08:00:00
BIL-2026-00390,5,2026,200,FALSE,OVERDUE,LOT-060,2026-05-31,2026-05-01 08:00:00,2026-05-01 08:00:00
BIL-2026-00391,6,2026,200,FALSE,OVERDUE,LOT-060,2026-06-30,2026-06-01 08:00:00,2026-06-01 08:00:00
BIL-2026-00392,7,2026,200,FALSE,OVERDUE,LOT-060,2026-07-31,2026-07-01 08:00:00,2026-07-01 08:00:00
BIL-2026-00393,1,2026,200,FALSE,OVERDUE,LOT-061,2026-01-31,2026-01-01 08:00:00,2026-01-01 08:00:00
BIL-2026-00394,2,2026,200,FALSE,OVERDUE,LOT-061,2026-02-28,2026-02-01 08:00:00,2026-02-01 08:00:00
BIL-2026-00395,3,2026,200,FALSE,OVERDUE,LOT-061,2026-03-31,2026-03-01 08:00:00,2026-03-01 08:00:00
BIL-2026-00396,4,2026,200,FALSE,OVERDUE,LOT-061,2026-04-30,2026-04-01 08:00:00,2026-04-01 08:00:00
BIL-2026-00397,5,2026,200,FALSE,OVERDUE,LOT-061,2026-05-31,2026-05-01 08:00:00,2026-05-01 08:00:00
BIL-2026-00398,6,2026,200,FALSE,OVERDUE,LOT-061,2026-06-30,2026-06-01 08:00:00,2026-06-01 08:00:00
BIL-2026-00399,7,2026,200,FALSE,OVERDUE,LOT-061,2026-07-31,2026-07-01 08:00:00,2026-07-01 08:00:00
BIL-2026-00400,1,2026,200,FALSE,PAID,LOT-062,2026-01-31,2026-01-01 08:00:00,2026-01-01 08:00:00
BIL-2026-00401,2,2026,200,FALSE,PAID,LOT-062,2026-02-28,2026-02-01 08:00:00,2026-02-01 08:00:00
BIL-2026-00402,3,2026,200,FALSE,PAID,LOT-062,2026-03-31,2026-03-01 08:00:00,2026-03-01 08:00:00
BIL-2026-00403,4,2026,200,FALSE,PAID,LOT-062,2026-04-30,2026-04-01 08:00:00,2026-04-01 08:00:00
BIL-2026-00404,5,2026,200,FALSE,PAID,LOT-062,2026-05-31,2026-05-01 08:00:00,2026-05-01 08:00:00
BIL-2026-00405,6,2026,200,FALSE,PENDING,LOT-062,2026-06-30,2026-06-01 08:00:00,2026-06-01 08:00:00
BIL-2026-00406,7,2026,200,FALSE,OVERDUE,LOT-062,2026-07-31,2026-07-01 08:00:00,2026-07-01 08:00:00
BIL-2026-00407,1,2026,200,FALSE,PAID,LOT-063,2026-01-31,2026-01-01 08:00:00,2026-01-01 08:00:00
BIL-2026-00408,2,2026,200,FALSE,PAID,LOT-063,2026-02-28,2026-02-01 08:00:00,2026-02-01 08:00:00
BIL-2026-00409,3,2026,200,FALSE,OVERDUE,LOT-063,2026-03-31,2026-03-01 08:00:00,2026-03-01 08:00:00
BIL-2026-00410,4,2026,200,FALSE,OVERDUE,LOT-063,2026-04-30,2026-04-01 08:00:00,2026-04-01 08:00:00
BIL-2026-00411,5,2026,200,FALSE,OVERDUE,LOT-063,2026-05-31,2026-05-01 08:00:00,2026-05-01 08:00:00
BIL-2026-00412,6,2026,200,FALSE,OVERDUE,LOT-063,2026-06-30,2026-06-01 08:00:00,2026-06-01 08:00:00
BIL-2026-00413,7,2026,200,FALSE,OVERDUE,LOT-063,2026-07-31,2026-07-01 08:00:00,2026-07-01 08:00:00
BIL-2026-00414,1,2026,200,FALSE,OVERDUE,LOT-067,2026-01-31,2026-01-01 08:00:00,2026-01-01 08:00:00
BIL-2026-00415,2,2026,200,FALSE,OVERDUE,LOT-067,2026-02-28,2026-02-01 08:00:00,2026-02-01 08:00:00
BIL-2026-00416,3,2026,200,FALSE,OVERDUE,LOT-067,2026-03-31,2026-03-01 08:00:00,2026-03-01 08:00:00
BIL-2026-00417,4,2026,200,FALSE,OVERDUE,LOT-067,2026-04-30,2026-04-01 08:00:00,2026-04-01 08:00:00
BIL-2026-00418,5,2026,200,FALSE,OVERDUE,LOT-067,2026-05-31,2026-05-01 08:00:00,2026-05-01 08:00:00
BIL-2026-00419,6,2026,200,FALSE,OVERDUE,LOT-067,2026-06-30,2026-06-01 08:00:00,2026-06-01 08:00:00
BIL-2026-00420,7,2026,200,FALSE,OVERDUE,LOT-067,2026-07-31,2026-07-01 08:00:00,2026-07-01 08:00:00
BIL-2026-00421,1,2026,200,FALSE,PAID,LOT-068,2026-01-31,2026-01-01 08:00:00,2026-01-01 08:00:00
BIL-2026-00422,2,2026,200,FALSE,PAID,LOT-068,2026-02-28,2026-02-01 08:00:00,2026-02-01 08:00:00
BIL-2026-00423,3,2026,200,FALSE,PAID,LOT-068,2026-03-31,2026-03-01 08:00:00,2026-03-01 08:00:00
BIL-2026-00424,4,2026,200,FALSE,PAID,LOT-068,2026-04-30,2026-04-01 08:00:00,2026-04-01 08:00:00
BIL-2026-00425,5,2026,200,FALSE,PAID,LOT-068,2026-05-31,2026-05-01 08:00:00,2026-05-01 08:00:00
BIL-2026-00426,6,2026,200,FALSE,PAID,LOT-068,2026-06-30,2026-06-01 08:00:00,2026-06-01 08:00:00
BIL-2026-00427,7,2026,200,FALSE,PAID,LOT-068,2026-07-31,2026-07-01 08:00:00,2026-07-01 08:00:00
BIL-2026-00428,1,2026,200,FALSE,PAID,LOT-069,2026-01-31,2026-01-01 08:00:00,2026-01-01 08:00:00
BIL-2026-00429,2,2026,200,FALSE,PAID,LOT-069,2026-02-28,2026-02-01 08:00:00,2026-02-01 08:00:00
BIL-2026-00430,3,2026,200,FALSE,PAID,LOT-069,2026-03-31,2026-03-01 08:00:00,2026-03-01 08:00:00
BIL-2026-00431,4,2026,200,FALSE,PAID,LOT-069,2026-04-30,2026-04-01 08:00:00,2026-04-01 08:00:00
BIL-2026-00432,5,2026,200,FALSE,PAID,LOT-069,2026-05-31,2026-05-01 08:00:00,2026-05-01 08:00:00
BIL-2026-00433,6,2026,200,FALSE,PAID,LOT-069,2026-06-30,2026-06-01 08:00:00,2026-06-01 08:00:00
BIL-2026-00434,7,2026,200,FALSE,PAID,LOT-069,2026-07-31,2026-07-01 08:00:00,2026-07-01 08:00:00
BIL-2026-00435,1,2026,200,FALSE,PAID,LOT-070,2026-01-31,2026-01-01 08:00:00,2026-01-01 08:00:00
BIL-2026-00436,2,2026,200,FALSE,PAID,LOT-070,2026-02-28,2026-02-01 08:00:00,2026-02-01 08:00:00
BIL-2026-00437,3,2026,200,FALSE,PAID,LOT-070,2026-03-31,2026-03-01 08:00:00,2026-03-01 08:00:00
BIL-2026-00438,4,2026,200,FALSE,PAID,LOT-070,2026-04-30,2026-04-01 08:00:00,2026-04-01 08:00:00
BIL-2026-00439,5,2026,200,FALSE,PENDING,LOT-070,2026-05-31,2026-05-01 08:00:00,2026-05-01 08:00:00
BIL-2026-00440,6,2026,200,FALSE,OVERDUE,LOT-070,2026-06-30,2026-06-01 08:00:00,2026-06-01 08:00:00
BIL-2026-00441,7,2026,200,FALSE,OVERDUE,LOT-070,2026-07-31,2026-07-01 08:00:00,2026-07-01 08:00:00
BIL-2026-00442,1,2026,200,FALSE,PAID,LOT-071,2026-01-31,2026-01-01 08:00:00,2026-01-01 08:00:00
BIL-2026-00443,2,2026,200,FALSE,PAID,LOT-071,2026-02-28,2026-02-01 08:00:00,2026-02-01 08:00:00
BIL-2026-00444,3,2026,200,FALSE,PAID,LOT-071,2026-03-31,2026-03-01 08:00:00,2026-03-01 08:00:00
BIL-2026-00445,4,2026,200,FALSE,PAID,LOT-071,2026-04-30,2026-04-01 08:00:00,2026-04-01 08:00:00
BIL-2026-00446,5,2026,200,FALSE,PAID,LOT-071,2026-05-31,2026-05-01 08:00:00,2026-05-01 08:00:00
BIL-2026-00447,6,2026,200,FALSE,PAID,LOT-071,2026-06-30,2026-06-01 08:00:00,2026-06-01 08:00:00
BIL-2026-00448,7,2026,200,FALSE,PAID,LOT-071,2026-07-31,2026-07-01 08:00:00,2026-07-01 08:00:00
BIL-2026-00449,1,2026,200,FALSE,PAID,LOT-072,2026-01-31,2026-01-01 08:00:00,2026-01-01 08:00:00
BIL-2026-00450,2,2026,200,FALSE,PAID,LOT-072,2026-02-28,2026-02-01 08:00:00,2026-02-01 08:00:00
BIL-2026-00451,3,2026,200,FALSE,PAID,LOT-072,2026-03-31,2026-03-01 08:00:00,2026-03-01 08:00:00
BIL-2026-00452,4,2026,200,FALSE,PAID,LOT-072,2026-04-30,2026-04-01 08:00:00,2026-04-01 08:00:00
BIL-2026-00453,5,2026,200,FALSE,PAID,LOT-072,2026-05-31,2026-05-01 08:00:00,2026-05-01 08:00:00
BIL-2026-00454,6,2026,200,FALSE,PAID,LOT-072,2026-06-30,2026-06-01 08:00:00,2026-06-01 08:00:00
BIL-2026-00455,7,2026,200,FALSE,PAID,LOT-072,2026-07-31,2026-07-01 08:00:00,2026-07-01 08:00:00
BIL-2026-00456,1,2026,200,FALSE,PAID,LOT-073,2026-01-31,2026-01-01 08:00:00,2026-01-01 08:00:00
BIL-2026-00457,2,2026,200,FALSE,PAID,LOT-073,2026-02-28,2026-02-01 08:00:00,2026-02-01 08:00:00
BIL-2026-00458,3,2026,200,FALSE,PAID,LOT-073,2026-03-31,2026-03-01 08:00:00,2026-03-01 08:00:00
BIL-2026-00459,4,2026,200,FALSE,PAID,LOT-073,2026-04-30,2026-04-01 08:00:00,2026-04-01 08:00:00
BIL-2026-00460,5,2026,200,FALSE,PAID,LOT-073,2026-05-31,2026-05-01 08:00:00,2026-05-01 08:00:00
BIL-2026-00461,6,2026,200,FALSE,PAID,LOT-073,2026-06-30,2026-06-01 08:00:00,2026-06-01 08:00:00
BIL-2026-00462,7,2026,200,FALSE,PAID,LOT-073,2026-07-31,2026-07-01 08:00:00,2026-07-01 08:00:00
BIL-2026-00463,1,2026,200,FALSE,PAID,LOT-074,2026-01-31,2026-01-01 08:00:00,2026-01-01 08:00:00
BIL-2026-00464,2,2026,200,FALSE,PAID,LOT-074,2026-02-28,2026-02-01 08:00:00,2026-02-01 08:00:00
BIL-2026-00465,3,2026,200,FALSE,PAID,LOT-074,2026-03-31,2026-03-01 08:00:00,2026-03-01 08:00:00
BIL-2026-00466,4,2026,200,FALSE,PAID,LOT-074,2026-04-30,2026-04-01 08:00:00,2026-04-01 08:00:00
BIL-2026-00467,5,2026,200,FALSE,PAID,LOT-074,2026-05-31,2026-05-01 08:00:00,2026-05-01 08:00:00
BIL-2026-00468,6,2026,200,FALSE,PAID,LOT-074,2026-06-30,2026-06-01 08:00:00,2026-06-01 08:00:00
BIL-2026-00469,7,2026,200,FALSE,PAID,LOT-074,2026-07-31,2026-07-01 08:00:00,2026-07-01 08:00:00
BIL-2026-00470,1,2026,200,FALSE,PAID,LOT-075,2026-01-31,2026-01-01 08:00:00,2026-01-01 08:00:00
BIL-2026-00471,2,2026,200,FALSE,PAID,LOT-075,2026-02-28,2026-02-01 08:00:00,2026-02-01 08:00:00
BIL-2026-00472,3,2026,200,FALSE,PAID,LOT-075,2026-03-31,2026-03-01 08:00:00,2026-03-01 08:00:00
BIL-2026-00473,4,2026,200,FALSE,PAID,LOT-075,2026-04-30,2026-04-01 08:00:00,2026-04-01 08:00:00
BIL-2026-00474,5,2026,200,FALSE,PAID,LOT-075,2026-05-31,2026-05-01 08:00:00,2026-05-01 08:00:00
BIL-2026-00475,6,2026,200,FALSE,PAID,LOT-075,2026-06-30,2026-06-01 08:00:00,2026-06-01 08:00:00
BIL-2026-00476,7,2026,200,FALSE,PAID,LOT-075,2026-07-31,2026-07-01 08:00:00,2026-07-01 08:00:00
BIL-2026-00477,1,2026,200,FALSE,PAID,LOT-076,2026-01-31,2026-01-01 08:00:00,2026-01-01 08:00:00
BIL-2026-00478,2,2026,200,FALSE,PAID,LOT-076,2026-02-28,2026-02-01 08:00:00,2026-02-01 08:00:00
BIL-2026-00479,3,2026,200,FALSE,PAID,LOT-076,2026-03-31,2026-03-01 08:00:00,2026-03-01 08:00:00
BIL-2026-00480,4,2026,200,FALSE,PAID,LOT-076,2026-04-30,2026-04-01 08:00:00,2026-04-01 08:00:00
BIL-2026-00481,5,2026,200,FALSE,PAID,LOT-076,2026-05-31,2026-05-01 08:00:00,2026-05-01 08:00:00
BIL-2026-00482,6,2026,200,FALSE,OVERDUE,LOT-076,2026-06-30,2026-06-01 08:00:00,2026-06-01 08:00:00
BIL-2026-00483,7,2026,200,FALSE,OVERDUE,LOT-076,2026-07-31,2026-07-01 08:00:00,2026-07-01 08:00:00
BIL-2026-00484,1,2026,200,FALSE,PAID,LOT-077,2026-01-31,2026-01-01 08:00:00,2026-01-01 08:00:00
BIL-2026-00485,2,2026,200,FALSE,PAID,LOT-077,2026-02-28,2026-02-01 08:00:00,2026-02-01 08:00:00
BIL-2026-00486,3,2026,200,FALSE,PAID,LOT-077,2026-03-31,2026-03-01 08:00:00,2026-03-01 08:00:00
BIL-2026-00487,4,2026,200,FALSE,PAID,LOT-077,2026-04-30,2026-04-01 08:00:00,2026-04-01 08:00:00
BIL-2026-00488,5,2026,200,FALSE,PAID,LOT-077,2026-05-31,2026-05-01 08:00:00,2026-05-01 08:00:00
BIL-2026-00489,6,2026,200,FALSE,PAID,LOT-077,2026-06-30,2026-06-01 08:00:00,2026-06-01 08:00:00
BIL-2026-00490,7,2026,200,FALSE,PAID,LOT-077,2026-07-31,2026-07-01 08:00:00,2026-07-01 08:00:00
BIL-2026-00491,1,2026,200,FALSE,PAID,LOT-078,2026-01-31,2026-01-01 08:00:00,2026-01-01 08:00:00
BIL-2026-00492,2,2026,200,FALSE,PAID,LOT-078,2026-02-28,2026-02-01 08:00:00,2026-02-01 08:00:00
BIL-2026-00493,3,2026,200,FALSE,PAID,LOT-078,2026-03-31,2026-03-01 08:00:00,2026-03-01 08:00:00
BIL-2026-00494,4,2026,200,FALSE,PENDING,LOT-078,2026-04-30,2026-04-01 08:00:00,2026-04-01 08:00:00
BIL-2026-00495,5,2026,200,FALSE,OVERDUE,LOT-078,2026-05-31,2026-05-01 08:00:00,2026-05-01 08:00:00
BIL-2026-00496,6,2026,200,FALSE,OVERDUE,LOT-078,2026-06-30,2026-06-01 08:00:00,2026-06-01 08:00:00
BIL-2026-00497,7,2026,200,FALSE,OVERDUE,LOT-078,2026-07-31,2026-07-01 08:00:00,2026-07-01 08:00:00
BIL-2026-00498,1,2026,200,FALSE,PAID,LOT-079,2026-01-31,2026-01-01 08:00:00,2026-01-01 08:00:00
BIL-2026-00499,2,2026,200,FALSE,PAID,LOT-079,2026-02-28,2026-02-01 08:00:00,2026-02-01 08:00:00
BIL-2026-00500,3,2026,200,FALSE,PAID,LOT-079,2026-03-31,2026-03-01 08:00:00,2026-03-01 08:00:00
BIL-2026-00501,4,2026,200,FALSE,PAID,LOT-079,2026-04-30,2026-04-01 08:00:00,2026-04-01 08:00:00
BIL-2026-00502,5,2026,200,FALSE,PAID,LOT-079,2026-05-31,2026-05-01 08:00:00,2026-05-01 08:00:00
BIL-2026-00503,6,2026,200,FALSE,PAID,LOT-079,2026-06-30,2026-06-01 08:00:00,2026-06-01 08:00:00
BIL-2026-00504,7,2026,200,FALSE,PAID,LOT-079,2026-07-31,2026-07-01 08:00:00,2026-07-01 08:00:00
BIL-2026-00505,1,2026,200,FALSE,PAID,LOT-080,2026-01-31,2026-01-01 08:00:00,2026-01-01 08:00:00
BIL-2026-00506,2,2026,200,FALSE,PAID,LOT-080,2026-02-28,2026-02-01 08:00:00,2026-02-01 08:00:00
BIL-2026-00507,3,2026,200,FALSE,PAID,LOT-080,2026-03-31,2026-03-01 08:00:00,2026-03-01 08:00:00
BIL-2026-00508,4,2026,200,FALSE,PAID,LOT-080,2026-04-30,2026-04-01 08:00:00,2026-04-01 08:00:00
BIL-2026-00509,5,2026,200,FALSE,PAID,LOT-080,2026-05-31,2026-05-01 08:00:00,2026-05-01 08:00:00
BIL-2026-00510,6,2026,200,FALSE,PAID,LOT-080,2026-06-30,2026-06-01 08:00:00,2026-06-01 08:00:00
BIL-2026-00511,7,2026,200,FALSE,PAID,LOT-080,2026-07-31,2026-07-01 08:00:00,2026-07-01 08:00:00
BIL-2026-00512,1,2026,200,FALSE,PAID,LOT-081,2026-01-31,2026-01-01 08:00:00,2026-01-01 08:00:00
BIL-2026-00513,2,2026,200,FALSE,PAID,LOT-081,2026-02-28,2026-02-01 08:00:00,2026-02-01 08:00:00
BIL-2026-00514,3,2026,200,FALSE,PAID,LOT-081,2026-03-31,2026-03-01 08:00:00,2026-03-01 08:00:00
BIL-2026-00515,4,2026,200,FALSE,PAID,LOT-081,2026-04-30,2026-04-01 08:00:00,2026-04-01 08:00:00
BIL-2026-00516,5,2026,200,FALSE,PAID,LOT-081,2026-05-31,2026-05-01 08:00:00,2026-05-01 08:00:00
BIL-2026-00517,6,2026,200,FALSE,OVERDUE,LOT-081,2026-06-30,2026-06-01 08:00:00,2026-06-01 08:00:00
BIL-2026-00518,7,2026,200,FALSE,OVERDUE,LOT-081,2026-07-31,2026-07-01 08:00:00,2026-07-01 08:00:00
BIL-2026-00519,1,2026,200,FALSE,PAID,LOT-082,2026-01-31,2026-01-01 08:00:00,2026-01-01 08:00:00
BIL-2026-00520,2,2026,200,FALSE,PAID,LOT-082,2026-02-28,2026-02-01 08:00:00,2026-02-01 08:00:00
BIL-2026-00521,3,2026,200,FALSE,PAID,LOT-082,2026-03-31,2026-03-01 08:00:00,2026-03-01 08:00:00
BIL-2026-00522,4,2026,200,FALSE,PAID,LOT-082,2026-04-30,2026-04-01 08:00:00,2026-04-01 08:00:00
BIL-2026-00523,5,2026,200,FALSE,PAID,LOT-082,2026-05-31,2026-05-01 08:00:00,2026-05-01 08:00:00
BIL-2026-00524,6,2026,200,FALSE,PAID,LOT-082,2026-06-30,2026-06-01 08:00:00,2026-06-01 08:00:00
BIL-2026-00525,7,2026,200,FALSE,PAID,LOT-082,2026-07-31,2026-07-01 08:00:00,2026-07-01 08:00:00
BIL-2026-00526,1,2026,200,FALSE,OVERDUE,LOT-083,2026-01-31,2026-01-01 08:00:00,2026-01-01 08:00:00
BIL-2026-00527,2,2026,200,FALSE,OVERDUE,LOT-083,2026-02-28,2026-02-01 08:00:00,2026-02-01 08:00:00
BIL-2026-00528,3,2026,200,FALSE,OVERDUE,LOT-083,2026-03-31,2026-03-01 08:00:00,2026-03-01 08:00:00
BIL-2026-00529,4,2026,200,FALSE,OVERDUE,LOT-083,2026-04-30,2026-04-01 08:00:00,2026-04-01 08:00:00
BIL-2026-00530,5,2026,200,FALSE,OVERDUE,LOT-083,2026-05-31,2026-05-01 08:00:00,2026-05-01 08:00:00
BIL-2026-00531,6,2026,200,FALSE,OVERDUE,LOT-083,2026-06-30,2026-06-01 08:00:00,2026-06-01 08:00:00
BIL-2026-00532,7,2026,200,FALSE,OVERDUE,LOT-083,2026-07-31,2026-07-01 08:00:00,2026-07-01 08:00:00
BIL-2026-00533,1,2026,200,FALSE,PAID,LOT-084,2026-01-31,2026-01-01 08:00:00,2026-01-01 08:00:00
BIL-2026-00534,2,2026,200,FALSE,PAID,LOT-084,2026-02-28,2026-02-01 08:00:00,2026-02-01 08:00:00
BIL-2026-00535,3,2026,200,FALSE,PAID,LOT-084,2026-03-31,2026-03-01 08:00:00,2026-03-01 08:00:00
BIL-2026-00536,4,2026,200,FALSE,PAID,LOT-084,2026-04-30,2026-04-01 08:00:00,2026-04-01 08:00:00
BIL-2026-00537,5,2026,200,FALSE,PAID,LOT-084,2026-05-31,2026-05-01 08:00:00,2026-05-01 08:00:00
BIL-2026-00538,6,2026,200,FALSE,PAID,LOT-084,2026-06-30,2026-06-01 08:00:00,2026-06-01 08:00:00
BIL-2026-00539,7,2026,200,FALSE,PAID,LOT-084,2026-07-31,2026-07-01 08:00:00,2026-07-01 08:00:00
BIL-2026-00540,1,2026,200,FALSE,PAID,LOT-086,2026-01-31,2026-01-01 08:00:00,2026-01-01 08:00:00
BIL-2026-00541,2,2026,200,FALSE,PAID,LOT-086,2026-02-28,2026-02-01 08:00:00,2026-02-01 08:00:00
BIL-2026-00542,3,2026,200,FALSE,PAID,LOT-086,2026-03-31,2026-03-01 08:00:00,2026-03-01 08:00:00
BIL-2026-00543,4,2026,200,FALSE,PAID,LOT-086,2026-04-30,2026-04-01 08:00:00,2026-04-01 08:00:00
BIL-2026-00544,5,2026,200,FALSE,PAID,LOT-086,2026-05-31,2026-05-01 08:00:00,2026-05-01 08:00:00
BIL-2026-00545,6,2026,200,FALSE,OVERDUE,LOT-086,2026-06-30,2026-06-01 08:00:00,2026-06-01 08:00:00
BIL-2026-00546,7,2026,200,FALSE,OVERDUE,LOT-086,2026-07-31,2026-07-01 08:00:00,2026-07-01 08:00:00
BIL-2026-00547,1,2026,200,FALSE,PAID,LOT-087,2026-01-31,2026-01-01 08:00:00,2026-01-01 08:00:00
BIL-2026-00548,2,2026,200,FALSE,PAID,LOT-087,2026-02-28,2026-02-01 08:00:00,2026-02-01 08:00:00
BIL-2026-00549,3,2026,200,FALSE,OVERDUE,LOT-087,2026-03-31,2026-03-01 08:00:00,2026-03-01 08:00:00
BIL-2026-00550,4,2026,200,FALSE,OVERDUE,LOT-087,2026-04-30,2026-04-01 08:00:00,2026-04-01 08:00:00
BIL-2026-00551,5,2026,200,FALSE,OVERDUE,LOT-087,2026-05-31,2026-05-01 08:00:00,2026-05-01 08:00:00
BIL-2026-00552,6,2026,200,FALSE,OVERDUE,LOT-087,2026-06-30,2026-06-01 08:00:00,2026-06-01 08:00:00
BIL-2026-00553,7,2026,200,FALSE,OVERDUE,LOT-087,2026-07-31,2026-07-01 08:00:00,2026-07-01 08:00:00
BIL-2026-00554,1,2026,200,FALSE,PAID,LOT-088,2026-01-31,2026-01-01 08:00:00,2026-01-01 08:00:00
BIL-2026-00555,2,2026,200,FALSE,PAID,LOT-088,2026-02-28,2026-02-01 08:00:00,2026-02-01 08:00:00
BIL-2026-00556,3,2026,200,FALSE,PAID,LOT-088,2026-03-31,2026-03-01 08:00:00,2026-03-01 08:00:00
BIL-2026-00557,4,2026,200,FALSE,PAID,LOT-088,2026-04-30,2026-04-01 08:00:00,2026-04-01 08:00:00
BIL-2026-00558,5,2026,200,FALSE,PAID,LOT-088,2026-05-31,2026-05-01 08:00:00,2026-05-01 08:00:00
BIL-2026-00559,6,2026,200,FALSE,PAID,LOT-088,2026-06-30,2026-06-01 08:00:00,2026-06-01 08:00:00
BIL-2026-00560,7,2026,200,FALSE,PAID,LOT-088,2026-07-31,2026-07-01 08:00:00,2026-07-01 08:00:00
BIL-2026-00561,1,2026,200,FALSE,PAID,LOT-089,2026-01-31,2026-01-01 08:00:00,2026-01-01 08:00:00
BIL-2026-00562,2,2026,200,FALSE,PAID,LOT-089,2026-02-28,2026-02-01 08:00:00,2026-02-01 08:00:00
BIL-2026-00563,3,2026,200,FALSE,OVERDUE,LOT-089,2026-03-31,2026-03-01 08:00:00,2026-03-01 08:00:00
BIL-2026-00564,4,2026,200,FALSE,OVERDUE,LOT-089,2026-04-30,2026-04-01 08:00:00,2026-04-01 08:00:00
BIL-2026-00565,5,2026,200,FALSE,OVERDUE,LOT-089,2026-05-31,2026-05-01 08:00:00,2026-05-01 08:00:00
BIL-2026-00566,6,2026,200,FALSE,OVERDUE,LOT-089,2026-06-30,2026-06-01 08:00:00,2026-06-01 08:00:00
BIL-2026-00567,7,2026,200,FALSE,OVERDUE,LOT-089,2026-07-31,2026-07-01 08:00:00,2026-07-01 08:00:00
BIL-2026-00568,1,2026,200,FALSE,PAID,LOT-090,2026-01-31,2026-01-01 08:00:00,2026-01-01 08:00:00
BIL-2026-00569,2,2026,200,FALSE,PAID,LOT-090,2026-02-28,2026-02-01 08:00:00,2026-02-01 08:00:00
BIL-2026-00570,3,2026,200,FALSE,PAID,LOT-090,2026-03-31,2026-03-01 08:00:00,2026-03-01 08:00:00
BIL-2026-00571,4,2026,200,FALSE,PAID,LOT-090,2026-04-30,2026-04-01 08:00:00,2026-04-01 08:00:00
BIL-2026-00572,5,2026,200,FALSE,PAID,LOT-090,2026-05-31,2026-05-01 08:00:00,2026-05-01 08:00:00
BIL-2026-00573,6,2026,200,FALSE,PAID,LOT-090,2026-06-30,2026-06-01 08:00:00,2026-06-01 08:00:00
BIL-2026-00574,7,2026,200,FALSE,PAID,LOT-090,2026-07-31,2026-07-01 08:00:00,2026-07-01 08:00:00
BIL-2026-00575,1,2026,200,FALSE,PAID,LOT-091,2026-01-31,2026-01-01 08:00:00,2026-01-01 08:00:00
BIL-2026-00576,2,2026,200,FALSE,PAID,LOT-091,2026-02-28,2026-02-01 08:00:00,2026-02-01 08:00:00
BIL-2026-00577,3,2026,200,FALSE,PAID,LOT-091,2026-03-31,2026-03-01 08:00:00,2026-03-01 08:00:00
BIL-2026-00578,4,2026,200,FALSE,PAID,LOT-091,2026-04-30,2026-04-01 08:00:00,2026-04-01 08:00:00
BIL-2026-00579,5,2026,200,FALSE,PAID,LOT-091,2026-05-31,2026-05-01 08:00:00,2026-05-01 08:00:00
BIL-2026-00580,6,2026,200,FALSE,PAID,LOT-091,2026-06-30,2026-06-01 08:00:00,2026-06-01 08:00:00
BIL-2026-00581,7,2026,200,FALSE,PAID,LOT-091,2026-07-31,2026-07-01 08:00:00,2026-07-01 08:00:00
BIL-2026-00582,1,2026,200,FALSE,PAID,LOT-092,2026-01-31,2026-01-01 08:00:00,2026-01-01 08:00:00
BIL-2026-00583,2,2026,200,FALSE,PAID,LOT-092,2026-02-28,2026-02-01 08:00:00,2026-02-01 08:00:00
BIL-2026-00584,3,2026,200,FALSE,PAID,LOT-092,2026-03-31,2026-03-01 08:00:00,2026-03-01 08:00:00
BIL-2026-00585,4,2026,200,FALSE,PAID,LOT-092,2026-04-30,2026-04-01 08:00:00,2026-04-01 08:00:00
BIL-2026-00586,5,2026,200,FALSE,PAID,LOT-092,2026-05-31,2026-05-01 08:00:00,2026-05-01 08:00:00
BIL-2026-00587,6,2026,200,FALSE,PAID,LOT-092,2026-06-30,2026-06-01 08:00:00,2026-06-01 08:00:00
BIL-2026-00588,7,2026,200,FALSE,PAID,LOT-092,2026-07-31,2026-07-01 08:00:00,2026-07-01 08:00:00
BIL-2026-00589,1,2026,200,FALSE,PAID,LOT-093,2026-01-31,2026-01-01 08:00:00,2026-01-01 08:00:00
BIL-2026-00590,2,2026,200,FALSE,PAID,LOT-093,2026-02-28,2026-02-01 08:00:00,2026-02-01 08:00:00
BIL-2026-00591,3,2026,200,FALSE,OVERDUE,LOT-093,2026-03-31,2026-03-01 08:00:00,2026-03-01 08:00:00
BIL-2026-00592,4,2026,200,FALSE,OVERDUE,LOT-093,2026-04-30,2026-04-01 08:00:00,2026-04-01 08:00:00
BIL-2026-00593,5,2026,200,FALSE,OVERDUE,LOT-093,2026-05-31,2026-05-01 08:00:00,2026-05-01 08:00:00
BIL-2026-00594,6,2026,200,FALSE,OVERDUE,LOT-093,2026-06-30,2026-06-01 08:00:00,2026-06-01 08:00:00
BIL-2026-00595,7,2026,200,FALSE,OVERDUE,LOT-093,2026-07-31,2026-07-01 08:00:00,2026-07-01 08:00:00
BIL-2026-00596,1,2026,200,FALSE,PAID,LOT-094,2026-01-31,2026-01-01 08:00:00,2026-01-01 08:00:00
BIL-2026-00597,2,2026,200,FALSE,PAID,LOT-094,2026-02-28,2026-02-01 08:00:00,2026-02-01 08:00:00
BIL-2026-00598,3,2026,200,FALSE,OVERDUE,LOT-094,2026-03-31,2026-03-01 08:00:00,2026-03-01 08:00:00
BIL-2026-00599,4,2026,200,FALSE,OVERDUE,LOT-094,2026-04-30,2026-04-01 08:00:00,2026-04-01 08:00:00
BIL-2026-00600,5,2026,200,FALSE,OVERDUE,LOT-094,2026-05-31,2026-05-01 08:00:00,2026-05-01 08:00:00
BIL-2026-00601,6,2026,200,FALSE,OVERDUE,LOT-094,2026-06-30,2026-06-01 08:00:00,2026-06-01 08:00:00
BIL-2026-00602,7,2026,200,FALSE,OVERDUE,LOT-094,2026-07-31,2026-07-01 08:00:00,2026-07-01 08:00:00
BIL-2026-00603,1,2026,200,FALSE,PAID,LOT-095,2026-01-31,2026-01-01 08:00:00,2026-01-01 08:00:00
BIL-2026-00604,2,2026,200,FALSE,PAID,LOT-095,2026-02-28,2026-02-01 08:00:00,2026-02-01 08:00:00
BIL-2026-00605,3,2026,200,FALSE,PAID,LOT-095,2026-03-31,2026-03-01 08:00:00,2026-03-01 08:00:00
BIL-2026-00606,4,2026,200,FALSE,PAID,LOT-095,2026-04-30,2026-04-01 08:00:00,2026-04-01 08:00:00
BIL-2026-00607,5,2026,200,FALSE,PAID,LOT-095,2026-05-31,2026-05-01 08:00:00,2026-05-01 08:00:00
BIL-2026-00608,6,2026,200,FALSE,PAID,LOT-095,2026-06-30,2026-06-01 08:00:00,2026-06-01 08:00:00
BIL-2026-00609,7,2026,200,FALSE,PAID,LOT-095,2026-07-31,2026-07-01 08:00:00,2026-07-01 08:00:00
BIL-2026-00610,1,2026,200,FALSE,PAID,LOT-096,2026-01-31,2026-01-01 08:00:00,2026-01-01 08:00:00
BIL-2026-00611,2,2026,200,FALSE,PAID,LOT-096,2026-02-28,2026-02-01 08:00:00,2026-02-01 08:00:00
BIL-2026-00612,3,2026,200,FALSE,PAID,LOT-096,2026-03-31,2026-03-01 08:00:00,2026-03-01 08:00:00
BIL-2026-00613,4,2026,200,FALSE,PAID,LOT-096,2026-04-30,2026-04-01 08:00:00,2026-04-01 08:00:00
BIL-2026-00614,5,2026,200,FALSE,PAID,LOT-096,2026-05-31,2026-05-01 08:00:00,2026-05-01 08:00:00
BIL-2026-00615,6,2026,200,FALSE,PAID,LOT-096,2026-06-30,2026-06-01 08:00:00,2026-06-01 08:00:00
BIL-2026-00616,7,2026,200,FALSE,PAID,LOT-096,2026-07-31,2026-07-01 08:00:00,2026-07-01 08:00:00
BIL-2026-00617,1,2026,200,FALSE,PAID,LOT-097,2026-01-31,2026-01-01 08:00:00,2026-01-01 08:00:00
BIL-2026-00618,2,2026,200,FALSE,PAID,LOT-097,2026-02-28,2026-02-01 08:00:00,2026-02-01 08:00:00
BIL-2026-00619,3,2026,200,FALSE,PAID,LOT-097,2026-03-31,2026-03-01 08:00:00,2026-03-01 08:00:00
BIL-2026-00620,4,2026,200,FALSE,PAID,LOT-097,2026-04-30,2026-04-01 08:00:00,2026-04-01 08:00:00
BIL-2026-00621,5,2026,200,FALSE,PAID,LOT-097,2026-05-31,2026-05-01 08:00:00,2026-05-01 08:00:00
BIL-2026-00622,6,2026,200,FALSE,PAID,LOT-097,2026-06-30,2026-06-01 08:00:00,2026-06-01 08:00:00
BIL-2026-00623,7,2026,200,FALSE,PAID,LOT-097,2026-07-31,2026-07-01 08:00:00,2026-07-01 08:00:00
BIL-2026-00624,1,2026,200,FALSE,OVERDUE,LOT-098,2026-01-31,2026-01-01 08:00:00,2026-01-01 08:00:00
BIL-2026-00625,2,2026,200,FALSE,OVERDUE,LOT-098,2026-02-28,2026-02-01 08:00:00,2026-02-01 08:00:00
BIL-2026-00626,3,2026,200,FALSE,OVERDUE,LOT-098,2026-03-31,2026-03-01 08:00:00,2026-03-01 08:00:00
BIL-2026-00627,4,2026,200,FALSE,OVERDUE,LOT-098,2026-04-30,2026-04-01 08:00:00,2026-04-01 08:00:00
BIL-2026-00628,5,2026,200,FALSE,OVERDUE,LOT-098,2026-05-31,2026-05-01 08:00:00,2026-05-01 08:00:00
BIL-2026-00629,6,2026,200,FALSE,OVERDUE,LOT-098,2026-06-30,2026-06-01 08:00:00,2026-06-01 08:00:00
BIL-2026-00630,7,2026,200,FALSE,OVERDUE,LOT-098,2026-07-31,2026-07-01 08:00:00,2026-07-01 08:00:00
BIL-2026-00631,1,2026,200,FALSE,PAID,LOT-099,2026-01-31,2026-01-01 08:00:00,2026-01-01 08:00:00
BIL-2026-00632,2,2026,200,FALSE,PAID,LOT-099,2026-02-28,2026-02-01 08:00:00,2026-02-01 08:00:00
BIL-2026-00633,3,2026,200,FALSE,PAID,LOT-099,2026-03-31,2026-03-01 08:00:00,2026-03-01 08:00:00
BIL-2026-00634,4,2026,200,FALSE,PAID,LOT-099,2026-04-30,2026-04-01 08:00:00,2026-04-01 08:00:00
BIL-2026-00635,5,2026,200,FALSE,OVERDUE,LOT-099,2026-05-31,2026-05-01 08:00:00,2026-05-01 08:00:00
BIL-2026-00636,6,2026,200,FALSE,OVERDUE,LOT-099,2026-06-30,2026-06-01 08:00:00,2026-06-01 08:00:00
BIL-2026-00637,7,2026,200,FALSE,OVERDUE,LOT-099,2026-07-31,2026-07-01 08:00:00,2026-07-01 08:00:00
BIL-2026-00638,1,2026,200,FALSE,PAID,LOT-100,2026-01-31,2026-01-01 08:00:00,2026-01-01 08:00:00
BIL-2026-00639,2,2026,200,FALSE,PAID,LOT-100,2026-02-28,2026-02-01 08:00:00,2026-02-01 08:00:00
BIL-2026-00640,3,2026,200,FALSE,PAID,LOT-100,2026-03-31,2026-03-01 08:00:00,2026-03-01 08:00:00
BIL-2026-00641,4,2026,200,FALSE,PAID,LOT-100,2026-04-30,2026-04-01 08:00:00,2026-04-01 08:00:00
BIL-2026-00642,5,2026,200,FALSE,PAID,LOT-100,2026-05-31,2026-05-01 08:00:00,2026-05-01 08:00:00
BIL-2026-00643,6,2026,200,FALSE,PAID,LOT-100,2026-06-30,2026-06-01 08:00:00,2026-06-01 08:00:00
BIL-2026-00644,7,2026,200,FALSE,PAID,LOT-100,2026-07-31,2026-07-01 08:00:00,2026-07-01 08:00:00
BIL-2026-00645,1,2026,200,FALSE,PAID,LOT-101,2026-01-31,2026-01-01 08:00:00,2026-01-01 08:00:00
BIL-2026-00646,2,2026,200,FALSE,PAID,LOT-101,2026-02-28,2026-02-01 08:00:00,2026-02-01 08:00:00
BIL-2026-00647,3,2026,200,FALSE,PAID,LOT-101,2026-03-31,2026-03-01 08:00:00,2026-03-01 08:00:00
BIL-2026-00648,4,2026,200,FALSE,PAID,LOT-101,2026-04-30,2026-04-01 08:00:00,2026-04-01 08:00:00
BIL-2026-00649,5,2026,200,FALSE,PAID,LOT-101,2026-05-31,2026-05-01 08:00:00,2026-05-01 08:00:00
BIL-2026-00650,6,2026,200,FALSE,PAID,LOT-101,2026-06-30,2026-06-01 08:00:00,2026-06-01 08:00:00
BIL-2026-00651,7,2026,200,FALSE,PAID,LOT-101,2026-07-31,2026-07-01 08:00:00,2026-07-01 08:00:00
BIL-2026-00652,1,2026,200,FALSE,PAID,LOT-102,2026-01-31,2026-01-01 08:00:00,2026-01-01 08:00:00
BIL-2026-00653,2,2026,200,FALSE,PAID,LOT-102,2026-02-28,2026-02-01 08:00:00,2026-02-01 08:00:00
BIL-2026-00654,3,2026,200,FALSE,PAID,LOT-102,2026-03-31,2026-03-01 08:00:00,2026-03-01 08:00:00
BIL-2026-00655,4,2026,200,FALSE,PAID,LOT-102,2026-04-30,2026-04-01 08:00:00,2026-04-01 08:00:00
BIL-2026-00656,5,2026,200,FALSE,OVERDUE,LOT-102,2026-05-31,2026-05-01 08:00:00,2026-05-01 08:00:00
BIL-2026-00657,6,2026,200,FALSE,OVERDUE,LOT-102,2026-06-30,2026-06-01 08:00:00,2026-06-01 08:00:00
BIL-2026-00658,7,2026,200,FALSE,OVERDUE,LOT-102,2026-07-31,2026-07-01 08:00:00,2026-07-01 08:00:00
BIL-2026-00659,1,2026,200,FALSE,PAID,LOT-103,2026-01-31,2026-01-01 08:00:00,2026-01-01 08:00:00
BIL-2026-00660,2,2026,200,FALSE,PAID,LOT-103,2026-02-28,2026-02-01 08:00:00,2026-02-01 08:00:00
BIL-2026-00661,3,2026,200,FALSE,PAID,LOT-103,2026-03-31,2026-03-01 08:00:00,2026-03-01 08:00:00
BIL-2026-00662,4,2026,200,FALSE,PAID,LOT-103,2026-04-30,2026-04-01 08:00:00,2026-04-01 08:00:00
BIL-2026-00663,5,2026,200,FALSE,PAID,LOT-103,2026-05-31,2026-05-01 08:00:00,2026-05-01 08:00:00
BIL-2026-00664,6,2026,200,FALSE,PAID,LOT-103,2026-06-30,2026-06-01 08:00:00,2026-06-01 08:00:00
BIL-2026-00665,7,2026,200,FALSE,PAID,LOT-103,2026-07-31,2026-07-01 08:00:00,2026-07-01 08:00:00
BIL-2026-00666,1,2026,200,FALSE,PAID,LOT-104,2026-01-31,2026-01-01 08:00:00,2026-01-01 08:00:00
BIL-2026-00667,2,2026,200,FALSE,PAID,LOT-104,2026-02-28,2026-02-01 08:00:00,2026-02-01 08:00:00
BIL-2026-00668,3,2026,200,FALSE,PAID,LOT-104,2026-03-31,2026-03-01 08:00:00,2026-03-01 08:00:00
BIL-2026-00669,4,2026,200,FALSE,PAID,LOT-104,2026-04-30,2026-04-01 08:00:00,2026-04-01 08:00:00
BIL-2026-00670,5,2026,200,FALSE,PAID,LOT-104,2026-05-31,2026-05-01 08:00:00,2026-05-01 08:00:00
BIL-2026-00671,6,2026,200,FALSE,OVERDUE,LOT-104,2026-06-30,2026-06-01 08:00:00,2026-06-01 08:00:00
BIL-2026-00672,7,2026,200,FALSE,OVERDUE,LOT-104,2026-07-31,2026-07-01 08:00:00,2026-07-01 08:00:00
BIL-2026-00673,1,2026,200,FALSE,PAID,LOT-105,2026-01-31,2026-01-01 08:00:00,2026-01-01 08:00:00
BIL-2026-00674,2,2026,200,FALSE,PAID,LOT-105,2026-02-28,2026-02-01 08:00:00,2026-02-01 08:00:00
BIL-2026-00675,3,2026,200,FALSE,PAID,LOT-105,2026-03-31,2026-03-01 08:00:00,2026-03-01 08:00:00
BIL-2026-00676,4,2026,200,FALSE,PAID,LOT-105,2026-04-30,2026-04-01 08:00:00,2026-04-01 08:00:00
BIL-2026-00677,5,2026,200,FALSE,OVERDUE,LOT-105,2026-05-31,2026-05-01 08:00:00,2026-05-01 08:00:00
BIL-2026-00678,6,2026,200,FALSE,OVERDUE,LOT-105,2026-06-30,2026-06-01 08:00:00,2026-06-01 08:00:00
BIL-2026-00679,7,2026,200,FALSE,OVERDUE,LOT-105,2026-07-31,2026-07-01 08:00:00,2026-07-01 08:00:00
BIL-2026-00680,1,2026,200,FALSE,OVERDUE,LOT-106,2026-01-31,2026-01-01 08:00:00,2026-01-01 08:00:00
BIL-2026-00681,2,2026,200,FALSE,OVERDUE,LOT-106,2026-02-28,2026-02-01 08:00:00,2026-02-01 08:00:00
BIL-2026-00682,3,2026,200,FALSE,OVERDUE,LOT-106,2026-03-31,2026-03-01 08:00:00,2026-03-01 08:00:00
BIL-2026-00683,4,2026,200,FALSE,OVERDUE,LOT-106,2026-04-30,2026-04-01 08:00:00,2026-04-01 08:00:00
BIL-2026-00684,5,2026,200,FALSE,OVERDUE,LOT-106,2026-05-31,2026-05-01 08:00:00,2026-05-01 08:00:00
BIL-2026-00685,6,2026,200,FALSE,OVERDUE,LOT-106,2026-06-30,2026-06-01 08:00:00,2026-06-01 08:00:00
BIL-2026-00686,7,2026,200,FALSE,OVERDUE,LOT-106,2026-07-31,2026-07-01 08:00:00,2026-07-01 08:00:00
BIL-2026-00687,1,2026,200,FALSE,PAID,LOT-107,2026-01-31,2026-01-01 08:00:00,2026-01-01 08:00:00
BIL-2026-00688,2,2026,200,FALSE,PAID,LOT-107,2026-02-28,2026-02-01 08:00:00,2026-02-01 08:00:00
BIL-2026-00689,3,2026,200,FALSE,PAID,LOT-107,2026-03-31,2026-03-01 08:00:00,2026-03-01 08:00:00
BIL-2026-00690,4,2026,200,FALSE,PAID,LOT-107,2026-04-30,2026-04-01 08:00:00,2026-04-01 08:00:00
BIL-2026-00691,5,2026,200,FALSE,OVERDUE,LOT-107,2026-05-31,2026-05-01 08:00:00,2026-05-01 08:00:00
BIL-2026-00692,6,2026,200,FALSE,OVERDUE,LOT-107,2026-06-30,2026-06-01 08:00:00,2026-06-01 08:00:00
BIL-2026-00693,7,2026,200,FALSE,OVERDUE,LOT-107,2026-07-31,2026-07-01 08:00:00,2026-07-01 08:00:00
BIL-2026-00694,1,2026,200,FALSE,PAID,LOT-109,2026-01-31,2026-01-01 08:00:00,2026-01-01 08:00:00
BIL-2026-00695,2,2026,200,FALSE,PAID,LOT-109,2026-02-28,2026-02-01 08:00:00,2026-02-01 08:00:00
BIL-2026-00696,3,2026,200,FALSE,OVERDUE,LOT-109,2026-03-31,2026-03-01 08:00:00,2026-03-01 08:00:00
BIL-2026-00697,4,2026,200,FALSE,OVERDUE,LOT-109,2026-04-30,2026-04-01 08:00:00,2026-04-01 08:00:00
BIL-2026-00698,5,2026,200,FALSE,OVERDUE,LOT-109,2026-05-31,2026-05-01 08:00:00,2026-05-01 08:00:00
BIL-2026-00699,6,2026,200,FALSE,OVERDUE,LOT-109,2026-06-30,2026-06-01 08:00:00,2026-06-01 08:00:00
BIL-2026-00700,7,2026,200,FALSE,OVERDUE,LOT-109,2026-07-31,2026-07-01 08:00:00,2026-07-01 08:00:00
BIL-2026-00701,1,2026,200,FALSE,PAID,LOT-110,2026-01-31,2026-01-01 08:00:00,2026-01-01 08:00:00
BIL-2026-00702,2,2026,200,FALSE,PAID,LOT-110,2026-02-28,2026-02-01 08:00:00,2026-02-01 08:00:00
BIL-2026-00703,3,2026,200,FALSE,OVERDUE,LOT-110,2026-03-31,2026-03-01 08:00:00,2026-03-01 08:00:00
BIL-2026-00704,4,2026,200,FALSE,OVERDUE,LOT-110,2026-04-30,2026-04-01 08:00:00,2026-04-01 08:00:00
BIL-2026-00705,5,2026,200,FALSE,OVERDUE,LOT-110,2026-05-31,2026-05-01 08:00:00,2026-05-01 08:00:00
BIL-2026-00706,6,2026,200,FALSE,OVERDUE,LOT-110,2026-06-30,2026-06-01 08:00:00,2026-06-01 08:00:00
BIL-2026-00707,7,2026,200,FALSE,OVERDUE,LOT-110,2026-07-31,2026-07-01 08:00:00,2026-07-01 08:00:00
BIL-2026-00708,1,2026,200,FALSE,PAID,LOT-111,2026-01-31,2026-01-01 08:00:00,2026-01-01 08:00:00
BIL-2026-00709,2,2026,200,FALSE,PAID,LOT-111,2026-02-28,2026-02-01 08:00:00,2026-02-01 08:00:00
BIL-2026-00710,3,2026,200,FALSE,PAID,LOT-111,2026-03-31,2026-03-01 08:00:00,2026-03-01 08:00:00
BIL-2026-00711,4,2026,200,FALSE,PAID,LOT-111,2026-04-30,2026-04-01 08:00:00,2026-04-01 08:00:00
BIL-2026-00712,5,2026,200,FALSE,OVERDUE,LOT-111,2026-05-31,2026-05-01 08:00:00,2026-05-01 08:00:00
BIL-2026-00713,6,2026,200,FALSE,OVERDUE,LOT-111,2026-06-30,2026-06-01 08:00:00,2026-06-01 08:00:00
BIL-2026-00714,7,2026,200,FALSE,OVERDUE,LOT-111,2026-07-31,2026-07-01 08:00:00,2026-07-01 08:00:00
BIL-2026-00715,1,2026,200,FALSE,PAID,LOT-112,2026-01-31,2026-01-01 08:00:00,2026-01-01 08:00:00
BIL-2026-00716,2,2026,200,FALSE,PAID,LOT-112,2026-02-28,2026-02-01 08:00:00,2026-02-01 08:00:00
BIL-2026-00717,3,2026,200,FALSE,PAID,LOT-112,2026-03-31,2026-03-01 08:00:00,2026-03-01 08:00:00
BIL-2026-00718,4,2026,200,FALSE,PAID,LOT-112,2026-04-30,2026-04-01 08:00:00,2026-04-01 08:00:00
BIL-2026-00719,5,2026,200,FALSE,PAID,LOT-112,2026-05-31,2026-05-01 08:00:00,2026-05-01 08:00:00
BIL-2026-00720,6,2026,200,FALSE,PAID,LOT-112,2026-06-30,2026-06-01 08:00:00,2026-06-01 08:00:00
BIL-2026-00721,7,2026,200,FALSE,PAID,LOT-112,2026-07-31,2026-07-01 08:00:00,2026-07-01 08:00:00
BIL-2026-00722,1,2026,200,FALSE,OVERDUE,LOT-113,2026-01-31,2026-01-01 08:00:00,2026-01-01 08:00:00
BIL-2026-00723,2,2026,200,FALSE,OVERDUE,LOT-113,2026-02-28,2026-02-01 08:00:00,2026-02-01 08:00:00
BIL-2026-00724,3,2026,200,FALSE,OVERDUE,LOT-113,2026-03-31,2026-03-01 08:00:00,2026-03-01 08:00:00
BIL-2026-00725,4,2026,200,FALSE,OVERDUE,LOT-113,2026-04-30,2026-04-01 08:00:00,2026-04-01 08:00:00
BIL-2026-00726,5,2026,200,FALSE,OVERDUE,LOT-113,2026-05-31,2026-05-01 08:00:00,2026-05-01 08:00:00
BIL-2026-00727,6,2026,200,FALSE,OVERDUE,LOT-113,2026-06-30,2026-06-01 08:00:00,2026-06-01 08:00:00
BIL-2026-00728,7,2026,200,FALSE,OVERDUE,LOT-113,2026-07-31,2026-07-01 08:00:00,2026-07-01 08:00:00
BIL-2026-00729,1,2026,200,FALSE,PAID,LOT-114,2026-01-31,2026-01-01 08:00:00,2026-01-01 08:00:00
BIL-2026-00730,2,2026,200,FALSE,PAID,LOT-114,2026-02-28,2026-02-01 08:00:00,2026-02-01 08:00:00
BIL-2026-00731,3,2026,200,FALSE,PAID,LOT-114,2026-03-31,2026-03-01 08:00:00,2026-03-01 08:00:00
BIL-2026-00732,4,2026,200,FALSE,PAID,LOT-114,2026-04-30,2026-04-01 08:00:00,2026-04-01 08:00:00
BIL-2026-00733,5,2026,200,FALSE,PAID,LOT-114,2026-05-31,2026-05-01 08:00:00,2026-05-01 08:00:00
BIL-2026-00734,6,2026,200,FALSE,PAID,LOT-114,2026-06-30,2026-06-01 08:00:00,2026-06-01 08:00:00
BIL-2026-00735,7,2026,200,FALSE,PAID,LOT-114,2026-07-31,2026-07-01 08:00:00,2026-07-01 08:00:00
BIL-2026-00736,1,2026,200,FALSE,PAID,LOT-115,2026-01-31,2026-01-01 08:00:00,2026-01-01 08:00:00
BIL-2026-00737,2,2026,200,FALSE,PAID,LOT-115,2026-02-28,2026-02-01 08:00:00,2026-02-01 08:00:00
BIL-2026-00738,3,2026,200,FALSE,PAID,LOT-115,2026-03-31,2026-03-01 08:00:00,2026-03-01 08:00:00
BIL-2026-00739,4,2026,200,FALSE,PAID,LOT-115,2026-04-30,2026-04-01 08:00:00,2026-04-01 08:00:00
BIL-2026-00740,5,2026,200,FALSE,PAID,LOT-115,2026-05-31,2026-05-01 08:00:00,2026-05-01 08:00:00
BIL-2026-00741,6,2026,200,FALSE,OVERDUE,LOT-115,2026-06-30,2026-06-01 08:00:00,2026-06-01 08:00:00
BIL-2026-00742,7,2026,200,FALSE,OVERDUE,LOT-115,2026-07-31,2026-07-01 08:00:00,2026-07-01 08:00:00
BIL-2026-00743,1,2026,200,FALSE,PAID,LOT-116,2026-01-31,2026-01-01 08:00:00,2026-01-01 08:00:00
BIL-2026-00744,2,2026,200,FALSE,PAID,LOT-116,2026-02-28,2026-02-01 08:00:00,2026-02-01 08:00:00
BIL-2026-00745,3,2026,200,FALSE,PAID,LOT-116,2026-03-31,2026-03-01 08:00:00,2026-03-01 08:00:00
BIL-2026-00746,4,2026,200,FALSE,PAID,LOT-116,2026-04-30,2026-04-01 08:00:00,2026-04-01 08:00:00
BIL-2026-00747,5,2026,200,FALSE,PAID,LOT-116,2026-05-31,2026-05-01 08:00:00,2026-05-01 08:00:00
BIL-2026-00748,6,2026,200,FALSE,OVERDUE,LOT-116,2026-06-30,2026-06-01 08:00:00,2026-06-01 08:00:00
BIL-2026-00749,7,2026,200,FALSE,OVERDUE,LOT-116,2026-07-31,2026-07-01 08:00:00,2026-07-01 08:00:00
BIL-2026-00750,1,2026,200,FALSE,OVERDUE,LOT-117,2026-01-31,2026-01-01 08:00:00,2026-01-01 08:00:00
BIL-2026-00751,2,2026,200,FALSE,OVERDUE,LOT-117,2026-02-28,2026-02-01 08:00:00,2026-02-01 08:00:00
BIL-2026-00752,3,2026,200,FALSE,OVERDUE,LOT-117,2026-03-31,2026-03-01 08:00:00,2026-03-01 08:00:00
BIL-2026-00753,4,2026,200,FALSE,OVERDUE,LOT-117,2026-04-30,2026-04-01 08:00:00,2026-04-01 08:00:00
BIL-2026-00754,5,2026,200,FALSE,OVERDUE,LOT-117,2026-05-31,2026-05-01 08:00:00,2026-05-01 08:00:00
BIL-2026-00755,6,2026,200,FALSE,OVERDUE,LOT-117,2026-06-30,2026-06-01 08:00:00,2026-06-01 08:00:00
BIL-2026-00756,7,2026,200,FALSE,OVERDUE,LOT-117,2026-07-31,2026-07-01 08:00:00,2026-07-01 08:00:00
BIL-2026-00757,1,2026,200,FALSE,OVERDUE,LOT-118,2026-01-31,2026-01-01 08:00:00,2026-01-01 08:00:00
BIL-2026-00758,2,2026,200,FALSE,OVERDUE,LOT-118,2026-02-28,2026-02-01 08:00:00,2026-02-01 08:00:00
BIL-2026-00759,3,2026,200,FALSE,OVERDUE,LOT-118,2026-03-31,2026-03-01 08:00:00,2026-03-01 08:00:00
BIL-2026-00760,4,2026,200,FALSE,OVERDUE,LOT-118,2026-04-30,2026-04-01 08:00:00,2026-04-01 08:00:00
BIL-2026-00761,5,2026,200,FALSE,OVERDUE,LOT-118,2026-05-31,2026-05-01 08:00:00,2026-05-01 08:00:00
BIL-2026-00762,6,2026,200,FALSE,OVERDUE,LOT-118,2026-06-30,2026-06-01 08:00:00,2026-06-01 08:00:00
BIL-2026-00763,7,2026,200,FALSE,OVERDUE,LOT-118,2026-07-31,2026-07-01 08:00:00,2026-07-01 08:00:00
BIL-2026-00764,1,2026,200,FALSE,PAID,LOT-119,2026-01-31,2026-01-01 08:00:00,2026-01-01 08:00:00
BIL-2026-00765,2,2026,200,FALSE,PAID,LOT-119,2026-02-28,2026-02-01 08:00:00,2026-02-01 08:00:00
BIL-2026-00766,3,2026,200,FALSE,PAID,LOT-119,2026-03-31,2026-03-01 08:00:00,2026-03-01 08:00:00
BIL-2026-00767,4,2026,200,FALSE,PAID,LOT-119,2026-04-30,2026-04-01 08:00:00,2026-04-01 08:00:00
BIL-2026-00768,5,2026,200,FALSE,PAID,LOT-119,2026-05-31,2026-05-01 08:00:00,2026-05-01 08:00:00
BIL-2026-00769,6,2026,200,FALSE,PAID,LOT-119,2026-06-30,2026-06-01 08:00:00,2026-06-01 08:00:00
BIL-2026-00770,7,2026,200,FALSE,PAID,LOT-119,2026-07-31,2026-07-01 08:00:00,2026-07-01 08:00:00
BIL-2026-00771,1,2026,200,FALSE,PAID,LOT-120,2026-01-31,2026-01-01 08:00:00,2026-01-01 08:00:00
BIL-2026-00772,2,2026,200,FALSE,PAID,LOT-120,2026-02-28,2026-02-01 08:00:00,2026-02-01 08:00:00
BIL-2026-00773,3,2026,200,FALSE,PAID,LOT-120,2026-03-31,2026-03-01 08:00:00,2026-03-01 08:00:00
BIL-2026-00774,4,2026,200,FALSE,PAID,LOT-120,2026-04-30,2026-04-01 08:00:00,2026-04-01 08:00:00
BIL-2026-00775,5,2026,200,FALSE,PAID,LOT-120,2026-05-31,2026-05-01 08:00:00,2026-05-01 08:00:00
BIL-2026-00776,6,2026,200,FALSE,PAID,LOT-120,2026-06-30,2026-06-01 08:00:00,2026-06-01 08:00:00
BIL-2026-00777,7,2026,200,FALSE,PAID,LOT-120,2026-07-31,2026-07-01 08:00:00,2026-07-01 08:00:00
BIL-2026-00778,1,2026,200,FALSE,OVERDUE,LOT-121,2026-01-31,2026-01-01 08:00:00,2026-01-01 08:00:00
BIL-2026-00779,2,2026,200,FALSE,OVERDUE,LOT-121,2026-02-28,2026-02-01 08:00:00,2026-02-01 08:00:00
BIL-2026-00780,3,2026,200,FALSE,OVERDUE,LOT-121,2026-03-31,2026-03-01 08:00:00,2026-03-01 08:00:00
BIL-2026-00781,4,2026,200,FALSE,OVERDUE,LOT-121,2026-04-30,2026-04-01 08:00:00,2026-04-01 08:00:00
BIL-2026-00782,5,2026,200,FALSE,OVERDUE,LOT-121,2026-05-31,2026-05-01 08:00:00,2026-05-01 08:00:00
BIL-2026-00783,6,2026,200,FALSE,OVERDUE,LOT-121,2026-06-30,2026-06-01 08:00:00,2026-06-01 08:00:00
BIL-2026-00784,7,2026,200,FALSE,OVERDUE,LOT-121,2026-07-31,2026-07-01 08:00:00,2026-07-01 08:00:00
BIL-2026-00785,1,2026,200,FALSE,PAID,LOT-122,2026-01-31,2026-01-01 08:00:00,2026-01-01 08:00:00
BIL-2026-00786,2,2026,200,FALSE,PAID,LOT-122,2026-02-28,2026-02-01 08:00:00,2026-02-01 08:00:00
BIL-2026-00787,3,2026,200,FALSE,PAID,LOT-122,2026-03-31,2026-03-01 08:00:00,2026-03-01 08:00:00
BIL-2026-00788,4,2026,200,FALSE,PAID,LOT-122,2026-04-30,2026-04-01 08:00:00,2026-04-01 08:00:00
BIL-2026-00789,5,2026,200,FALSE,PAID,LOT-122,2026-05-31,2026-05-01 08:00:00,2026-05-01 08:00:00
BIL-2026-00790,6,2026,200,FALSE,PAID,LOT-122,2026-06-30,2026-06-01 08:00:00,2026-06-01 08:00:00
BIL-2026-00791,7,2026,200,FALSE,PAID,LOT-122,2026-07-31,2026-07-01 08:00:00,2026-07-01 08:00:00
BIL-2026-00792,1,2026,200,FALSE,PAID,LOT-123,2026-01-31,2026-01-01 08:00:00,2026-01-01 08:00:00
BIL-2026-00793,2,2026,200,FALSE,PAID,LOT-123,2026-02-28,2026-02-01 08:00:00,2026-02-01 08:00:00
BIL-2026-00794,3,2026,200,FALSE,PAID,LOT-123,2026-03-31,2026-03-01 08:00:00,2026-03-01 08:00:00
BIL-2026-00795,4,2026,200,FALSE,PAID,LOT-123,2026-04-30,2026-04-01 08:00:00,2026-04-01 08:00:00
BIL-2026-00796,5,2026,200,FALSE,PAID,LOT-123,2026-05-31,2026-05-01 08:00:00,2026-05-01 08:00:00
BIL-2026-00797,6,2026,200,FALSE,PAID,LOT-123,2026-06-30,2026-06-01 08:00:00,2026-06-01 08:00:00
BIL-2026-00798,7,2026,200,FALSE,PAID,LOT-123,2026-07-31,2026-07-01 08:00:00,2026-07-01 08:00:00
BIL-2026-00799,1,2026,200,FALSE,PAID,LOT-125,2026-01-31,2026-01-01 08:00:00,2026-01-01 08:00:00
BIL-2026-00800,2,2026,200,FALSE,PAID,LOT-125,2026-02-28,2026-02-01 08:00:00,2026-02-01 08:00:00
BIL-2026-00801,3,2026,200,FALSE,OVERDUE,LOT-125,2026-03-31,2026-03-01 08:00:00,2026-03-01 08:00:00
BIL-2026-00802,4,2026,200,FALSE,OVERDUE,LOT-125,2026-04-30,2026-04-01 08:00:00,2026-04-01 08:00:00
BIL-2026-00803,5,2026,200,FALSE,OVERDUE,LOT-125,2026-05-31,2026-05-01 08:00:00,2026-05-01 08:00:00
BIL-2026-00804,6,2026,200,FALSE,OVERDUE,LOT-125,2026-06-30,2026-06-01 08:00:00,2026-06-01 08:00:00
BIL-2026-00805,7,2026,200,FALSE,OVERDUE,LOT-125,2026-07-31,2026-07-01 08:00:00,2026-07-01 08:00:00
BIL-2026-00806,1,2026,200,FALSE,OVERDUE,LOT-126,2026-01-31,2026-01-01 08:00:00,2026-01-01 08:00:00
BIL-2026-00807,2,2026,200,FALSE,OVERDUE,LOT-126,2026-02-28,2026-02-01 08:00:00,2026-02-01 08:00:00
BIL-2026-00808,3,2026,200,FALSE,OVERDUE,LOT-126,2026-03-31,2026-03-01 08:00:00,2026-03-01 08:00:00
BIL-2026-00809,4,2026,200,FALSE,OVERDUE,LOT-126,2026-04-30,2026-04-01 08:00:00,2026-04-01 08:00:00
BIL-2026-00810,5,2026,200,FALSE,OVERDUE,LOT-126,2026-05-31,2026-05-01 08:00:00,2026-05-01 08:00:00
BIL-2026-00811,6,2026,200,FALSE,OVERDUE,LOT-126,2026-06-30,2026-06-01 08:00:00,2026-06-01 08:00:00
BIL-2026-00812,7,2026,200,FALSE,OVERDUE,LOT-126,2026-07-31,2026-07-01 08:00:00,2026-07-01 08:00:00
BIL-2026-00813,1,2026,200,FALSE,PAID,LOT-127,2026-01-31,2026-01-01 08:00:00,2026-01-01 08:00:00
BIL-2026-00814,2,2026,200,FALSE,PAID,LOT-127,2026-02-28,2026-02-01 08:00:00,2026-02-01 08:00:00
BIL-2026-00815,3,2026,200,FALSE,PAID,LOT-127,2026-03-31,2026-03-01 08:00:00,2026-03-01 08:00:00
BIL-2026-00816,4,2026,200,FALSE,PAID,LOT-127,2026-04-30,2026-04-01 08:00:00,2026-04-01 08:00:00
BIL-2026-00817,5,2026,200,FALSE,PAID,LOT-127,2026-05-31,2026-05-01 08:00:00,2026-05-01 08:00:00
BIL-2026-00818,6,2026,200,FALSE,PAID,LOT-127,2026-06-30,2026-06-01 08:00:00,2026-06-01 08:00:00
BIL-2026-00819,7,2026,200,FALSE,PAID,LOT-127,2026-07-31,2026-07-01 08:00:00,2026-07-01 08:00:00
BIL-2026-00820,1,2026,200,FALSE,PAID,LOT-128,2026-01-31,2026-01-01 08:00:00,2026-01-01 08:00:00
BIL-2026-00821,2,2026,200,FALSE,PAID,LOT-128,2026-02-28,2026-02-01 08:00:00,2026-02-01 08:00:00
BIL-2026-00822,3,2026,200,FALSE,PAID,LOT-128,2026-03-31,2026-03-01 08:00:00,2026-03-01 08:00:00
BIL-2026-00823,4,2026,200,FALSE,PAID,LOT-128,2026-04-30,2026-04-01 08:00:00,2026-04-01 08:00:00
BIL-2026-00824,5,2026,200,FALSE,PAID,LOT-128,2026-05-31,2026-05-01 08:00:00,2026-05-01 08:00:00
BIL-2026-00825,6,2026,200,FALSE,PAID,LOT-128,2026-06-30,2026-06-01 08:00:00,2026-06-01 08:00:00
BIL-2026-00826,7,2026,200,FALSE,PAID,LOT-128,2026-07-31,2026-07-01 08:00:00,2026-07-01 08:00:00
BIL-2026-00827,1,2026,200,FALSE,PAID,LOT-129,2026-01-31,2026-01-01 08:00:00,2026-01-01 08:00:00
BIL-2026-00828,2,2026,200,FALSE,PAID,LOT-129,2026-02-28,2026-02-01 08:00:00,2026-02-01 08:00:00
BIL-2026-00829,3,2026,200,FALSE,OVERDUE,LOT-129,2026-03-31,2026-03-01 08:00:00,2026-03-01 08:00:00
BIL-2026-00830,4,2026,200,FALSE,OVERDUE,LOT-129,2026-04-30,2026-04-01 08:00:00,2026-04-01 08:00:00
BIL-2026-00831,5,2026,200,FALSE,OVERDUE,LOT-129,2026-05-31,2026-05-01 08:00:00,2026-05-01 08:00:00
BIL-2026-00832,6,2026,200,FALSE,OVERDUE,LOT-129,2026-06-30,2026-06-01 08:00:00,2026-06-01 08:00:00
BIL-2026-00833,7,2026,200,FALSE,OVERDUE,LOT-129,2026-07-31,2026-07-01 08:00:00,2026-07-01 08:00:00
BIL-2026-00834,1,2026,200,FALSE,PAID,LOT-130,2026-01-31,2026-01-01 08:00:00,2026-01-01 08:00:00
BIL-2026-00835,2,2026,200,FALSE,PAID,LOT-130,2026-02-28,2026-02-01 08:00:00,2026-02-01 08:00:00
BIL-2026-00836,3,2026,200,FALSE,PAID,LOT-130,2026-03-31,2026-03-01 08:00:00,2026-03-01 08:00:00
BIL-2026-00837,4,2026,200,FALSE,PAID,LOT-130,2026-04-30,2026-04-01 08:00:00,2026-04-01 08:00:00
BIL-2026-00838,5,2026,200,FALSE,PAID,LOT-130,2026-05-31,2026-05-01 08:00:00,2026-05-01 08:00:00
BIL-2026-00839,6,2026,200,FALSE,PAID,LOT-130,2026-06-30,2026-06-01 08:00:00,2026-06-01 08:00:00
BIL-2026-00840,7,2026,200,FALSE,PAID,LOT-130,2026-07-31,2026-07-01 08:00:00,2026-07-01 08:00:00
BIL-2026-00841,1,2026,200,FALSE,OVERDUE,LOT-131,2026-01-31,2026-01-01 08:00:00,2026-01-01 08:00:00
BIL-2026-00842,2,2026,200,FALSE,OVERDUE,LOT-131,2026-02-28,2026-02-01 08:00:00,2026-02-01 08:00:00
BIL-2026-00843,3,2026,200,FALSE,OVERDUE,LOT-131,2026-03-31,2026-03-01 08:00:00,2026-03-01 08:00:00
BIL-2026-00844,4,2026,200,FALSE,OVERDUE,LOT-131,2026-04-30,2026-04-01 08:00:00,2026-04-01 08:00:00
BIL-2026-00845,5,2026,200,FALSE,OVERDUE,LOT-131,2026-05-31,2026-05-01 08:00:00,2026-05-01 08:00:00
BIL-2026-00846,6,2026,200,FALSE,OVERDUE,LOT-131,2026-06-30,2026-06-01 08:00:00,2026-06-01 08:00:00
BIL-2026-00847,7,2026,200,FALSE,OVERDUE,LOT-131,2026-07-31,2026-07-01 08:00:00,2026-07-01 08:00:00
BIL-2026-00848,1,2026,200,FALSE,PAID,LOT-132,2026-01-31,2026-01-01 08:00:00,2026-01-01 08:00:00
BIL-2026-00849,2,2026,200,FALSE,PAID,LOT-132,2026-02-28,2026-02-01 08:00:00,2026-02-01 08:00:00
BIL-2026-00850,3,2026,200,FALSE,PAID,LOT-132,2026-03-31,2026-03-01 08:00:00,2026-03-01 08:00:00
BIL-2026-00851,4,2026,200,FALSE,PAID,LOT-132,2026-04-30,2026-04-01 08:00:00,2026-04-01 08:00:00
BIL-2026-00852,5,2026,200,FALSE,PAID,LOT-132,2026-05-31,2026-05-01 08:00:00,2026-05-01 08:00:00
BIL-2026-00853,6,2026,200,FALSE,PAID,LOT-132,2026-06-30,2026-06-01 08:00:00,2026-06-01 08:00:00
BIL-2026-00854,7,2026,200,FALSE,PAID,LOT-132,2026-07-31,2026-07-01 08:00:00,2026-07-01 08:00:00
BIL-2026-00855,1,2026,200,FALSE,PAID,LOT-133,2026-01-31,2026-01-01 08:00:00,2026-01-01 08:00:00
BIL-2026-00856,2,2026,200,FALSE,PAID,LOT-133,2026-02-28,2026-02-01 08:00:00,2026-02-01 08:00:00
BIL-2026-00857,3,2026,200,FALSE,PAID,LOT-133,2026-03-31,2026-03-01 08:00:00,2026-03-01 08:00:00
BIL-2026-00858,4,2026,200,FALSE,PAID,LOT-133,2026-04-30,2026-04-01 08:00:00,2026-04-01 08:00:00
BIL-2026-00859,5,2026,200,FALSE,PAID,LOT-133,2026-05-31,2026-05-01 08:00:00,2026-05-01 08:00:00
BIL-2026-00860,6,2026,200,FALSE,PAID,LOT-133,2026-06-30,2026-06-01 08:00:00,2026-06-01 08:00:00
BIL-2026-00861,7,2026,200,FALSE,PAID,LOT-133,2026-07-31,2026-07-01 08:00:00,2026-07-01 08:00:00
BIL-2026-00862,1,2026,200,FALSE,OVERDUE,LOT-134,2026-01-31,2026-01-01 08:00:00,2026-01-01 08:00:00
BIL-2026-00863,2,2026,200,FALSE,OVERDUE,LOT-134,2026-02-28,2026-02-01 08:00:00,2026-02-01 08:00:00
BIL-2026-00864,3,2026,200,FALSE,OVERDUE,LOT-134,2026-03-31,2026-03-01 08:00:00,2026-03-01 08:00:00
BIL-2026-00865,4,2026,200,FALSE,OVERDUE,LOT-134,2026-04-30,2026-04-01 08:00:00,2026-04-01 08:00:00
BIL-2026-00866,5,2026,200,FALSE,OVERDUE,LOT-134,2026-05-31,2026-05-01 08:00:00,2026-05-01 08:00:00
BIL-2026-00867,6,2026,200,FALSE,OVERDUE,LOT-134,2026-06-30,2026-06-01 08:00:00,2026-06-01 08:00:00
BIL-2026-00868,7,2026,200,FALSE,OVERDUE,LOT-134,2026-07-31,2026-07-01 08:00:00,2026-07-01 08:00:00
BIL-2026-00869,1,2026,200,FALSE,OVERDUE,LOT-135,2026-01-31,2026-01-01 08:00:00,2026-01-01 08:00:00
BIL-2026-00870,2,2026,200,FALSE,OVERDUE,LOT-135,2026-02-28,2026-02-01 08:00:00,2026-02-01 08:00:00
BIL-2026-00871,3,2026,200,FALSE,OVERDUE,LOT-135,2026-03-31,2026-03-01 08:00:00,2026-03-01 08:00:00
BIL-2026-00872,4,2026,200,FALSE,OVERDUE,LOT-135,2026-04-30,2026-04-01 08:00:00,2026-04-01 08:00:00
BIL-2026-00873,5,2026,200,FALSE,OVERDUE,LOT-135,2026-05-31,2026-05-01 08:00:00,2026-05-01 08:00:00
BIL-2026-00874,6,2026,200,FALSE,OVERDUE,LOT-135,2026-06-30,2026-06-01 08:00:00,2026-06-01 08:00:00
BIL-2026-00875,7,2026,200,FALSE,OVERDUE,LOT-135,2026-07-31,2026-07-01 08:00:00,2026-07-01 08:00:00
BIL-2026-00876,1,2026,200,FALSE,PAID,LOT-136,2026-01-31,2026-01-01 08:00:00,2026-01-01 08:00:00
BIL-2026-00877,2,2026,200,FALSE,PAID,LOT-136,2026-02-28,2026-02-01 08:00:00,2026-02-01 08:00:00
BIL-2026-00878,3,2026,200,FALSE,OVERDUE,LOT-136,2026-03-31,2026-03-01 08:00:00,2026-03-01 08:00:00
BIL-2026-00879,4,2026,200,FALSE,OVERDUE,LOT-136,2026-04-30,2026-04-01 08:00:00,2026-04-01 08:00:00
BIL-2026-00880,5,2026,200,FALSE,OVERDUE,LOT-136,2026-05-31,2026-05-01 08:00:00,2026-05-01 08:00:00
BIL-2026-00881,6,2026,200,FALSE,OVERDUE,LOT-136,2026-06-30,2026-06-01 08:00:00,2026-06-01 08:00:00
BIL-2026-00882,7,2026,200,FALSE,OVERDUE,LOT-136,2026-07-31,2026-07-01 08:00:00,2026-07-01 08:00:00
BIL-2026-00883,1,2026,200,FALSE,PAID,LOT-138,2026-01-31,2026-01-01 08:00:00,2026-01-01 08:00:00
BIL-2026-00884,2,2026,200,FALSE,PAID,LOT-138,2026-02-28,2026-02-01 08:00:00,2026-02-01 08:00:00
BIL-2026-00885,3,2026,200,FALSE,PAID,LOT-138,2026-03-31,2026-03-01 08:00:00,2026-03-01 08:00:00
BIL-2026-00886,4,2026,200,FALSE,PAID,LOT-138,2026-04-30,2026-04-01 08:00:00,2026-04-01 08:00:00
BIL-2026-00887,5,2026,200,FALSE,PAID,LOT-138,2026-05-31,2026-05-01 08:00:00,2026-05-01 08:00:00
BIL-2026-00888,6,2026,200,FALSE,PAID,LOT-138,2026-06-30,2026-06-01 08:00:00,2026-06-01 08:00:00
BIL-2026-00889,7,2026,200,FALSE,PAID,LOT-138,2026-07-31,2026-07-01 08:00:00,2026-07-01 08:00:00
BIL-2026-00890,1,2026,200,FALSE,PAID,LOT-139,2026-01-31,2026-01-01 08:00:00,2026-01-01 08:00:00
BIL-2026-00891,2,2026,200,FALSE,PAID,LOT-139,2026-02-28,2026-02-01 08:00:00,2026-02-01 08:00:00
BIL-2026-00892,3,2026,200,FALSE,PAID,LOT-139,2026-03-31,2026-03-01 08:00:00,2026-03-01 08:00:00
BIL-2026-00893,4,2026,200,FALSE,PAID,LOT-139,2026-04-30,2026-04-01 08:00:00,2026-04-01 08:00:00
BIL-2026-00894,5,2026,200,FALSE,PAID,LOT-139,2026-05-31,2026-05-01 08:00:00,2026-05-01 08:00:00
BIL-2026-00895,6,2026,200,FALSE,PAID,LOT-139,2026-06-30,2026-06-01 08:00:00,2026-06-01 08:00:00
BIL-2026-00896,7,2026,200,FALSE,PAID,LOT-139,2026-07-31,2026-07-01 08:00:00,2026-07-01 08:00:00
BIL-2026-00897,1,2026,200,FALSE,PAID,LOT-140,2026-01-31,2026-01-01 08:00:00,2026-01-01 08:00:00
BIL-2026-00898,2,2026,200,FALSE,PAID,LOT-140,2026-02-28,2026-02-01 08:00:00,2026-02-01 08:00:00
BIL-2026-00899,3,2026,200,FALSE,PAID,LOT-140,2026-03-31,2026-03-01 08:00:00,2026-03-01 08:00:00
BIL-2026-00900,4,2026,200,FALSE,PAID,LOT-140,2026-04-30,2026-04-01 08:00:00,2026-04-01 08:00:00
BIL-2026-00901,5,2026,200,FALSE,PAID,LOT-140,2026-05-31,2026-05-01 08:00:00,2026-05-01 08:00:00
BIL-2026-00902,6,2026,200,FALSE,OVERDUE,LOT-140,2026-06-30,2026-06-01 08:00:00,2026-06-01 08:00:00
BIL-2026-00903,7,2026,200,FALSE,OVERDUE,LOT-140,2026-07-31,2026-07-01 08:00:00,2026-07-01 08:00:00
BIL-2026-00904,1,2026,200,FALSE,OVERDUE,LOT-141,2026-01-31,2026-01-01 08:00:00,2026-01-01 08:00:00
BIL-2026-00905,2,2026,200,FALSE,OVERDUE,LOT-141,2026-02-28,2026-02-01 08:00:00,2026-02-01 08:00:00
BIL-2026-00906,3,2026,200,FALSE,OVERDUE,LOT-141,2026-03-31,2026-03-01 08:00:00,2026-03-01 08:00:00
BIL-2026-00907,4,2026,200,FALSE,OVERDUE,LOT-141,2026-04-30,2026-04-01 08:00:00,2026-04-01 08:00:00
BIL-2026-00908,5,2026,200,FALSE,OVERDUE,LOT-141,2026-05-31,2026-05-01 08:00:00,2026-05-01 08:00:00
BIL-2026-00909,6,2026,200,FALSE,OVERDUE,LOT-141,2026-06-30,2026-06-01 08:00:00,2026-06-01 08:00:00
BIL-2026-00910,7,2026,200,FALSE,OVERDUE,LOT-141,2026-07-31,2026-07-01 08:00:00,2026-07-01 08:00:00
BIL-2026-00911,1,2026,200,FALSE,OVERDUE,LOT-142,2026-01-31,2026-01-01 08:00:00,2026-01-01 08:00:00
BIL-2026-00912,2,2026,200,FALSE,OVERDUE,LOT-142,2026-02-28,2026-02-01 08:00:00,2026-02-01 08:00:00
BIL-2026-00913,3,2026,200,FALSE,OVERDUE,LOT-142,2026-03-31,2026-03-01 08:00:00,2026-03-01 08:00:00
BIL-2026-00914,4,2026,200,FALSE,OVERDUE,LOT-142,2026-04-30,2026-04-01 08:00:00,2026-04-01 08:00:00
BIL-2026-00915,5,2026,200,FALSE,OVERDUE,LOT-142,2026-05-31,2026-05-01 08:00:00,2026-05-01 08:00:00
BIL-2026-00916,6,2026,200,FALSE,OVERDUE,LOT-142,2026-06-30,2026-06-01 08:00:00,2026-06-01 08:00:00
BIL-2026-00917,7,2026,200,FALSE,OVERDUE,LOT-142,2026-07-31,2026-07-01 08:00:00,2026-07-01 08:00:00
BIL-2026-00918,1,2026,200,FALSE,PAID,LOT-143,2026-01-31,2026-01-01 08:00:00,2026-01-01 08:00:00
BIL-2026-00919,2,2026,200,FALSE,PAID,LOT-143,2026-02-28,2026-02-01 08:00:00,2026-02-01 08:00:00
BIL-2026-00920,3,2026,200,FALSE,PAID,LOT-143,2026-03-31,2026-03-01 08:00:00,2026-03-01 08:00:00
BIL-2026-00921,4,2026,200,FALSE,PAID,LOT-143,2026-04-30,2026-04-01 08:00:00,2026-04-01 08:00:00
BIL-2026-00922,5,2026,200,FALSE,PAID,LOT-143,2026-05-31,2026-05-01 08:00:00,2026-05-01 08:00:00
BIL-2026-00923,6,2026,200,FALSE,PAID,LOT-143,2026-06-30,2026-06-01 08:00:00,2026-06-01 08:00:00
BIL-2026-00924,7,2026,200,FALSE,PAID,LOT-143,2026-07-31,2026-07-01 08:00:00,2026-07-01 08:00:00
BIL-2026-00925,1,2026,200,FALSE,PAID,LOT-144,2026-01-31,2026-01-01 08:00:00,2026-01-01 08:00:00
BIL-2026-00926,2,2026,200,FALSE,PAID,LOT-144,2026-02-28,2026-02-01 08:00:00,2026-02-01 08:00:00
BIL-2026-00927,3,2026,200,FALSE,PAID,LOT-144,2026-03-31,2026-03-01 08:00:00,2026-03-01 08:00:00
BIL-2026-00928,4,2026,200,FALSE,PAID,LOT-144,2026-04-30,2026-04-01 08:00:00,2026-04-01 08:00:00
BIL-2026-00929,5,2026,200,FALSE,PAID,LOT-144,2026-05-31,2026-05-01 08:00:00,2026-05-01 08:00:00
BIL-2026-00930,6,2026,200,FALSE,PAID,LOT-144,2026-06-30,2026-06-01 08:00:00,2026-06-01 08:00:00
BIL-2026-00931,7,2026,200,FALSE,PAID,LOT-144,2026-07-31,2026-07-01 08:00:00,2026-07-01 08:00:00
BIL-2026-00932,1,2026,200,FALSE,PAID,LOT-145,2026-01-31,2026-01-01 08:00:00,2026-01-01 08:00:00
BIL-2026-00933,2,2026,200,FALSE,PAID,LOT-145,2026-02-28,2026-02-01 08:00:00,2026-02-01 08:00:00
BIL-2026-00934,3,2026,200,FALSE,PAID,LOT-145,2026-03-31,2026-03-01 08:00:00,2026-03-01 08:00:00
BIL-2026-00935,4,2026,200,FALSE,PAID,LOT-145,2026-04-30,2026-04-01 08:00:00,2026-04-01 08:00:00
BIL-2026-00936,5,2026,200,FALSE,PAID,LOT-145,2026-05-31,2026-05-01 08:00:00,2026-05-01 08:00:00
BIL-2026-00937,6,2026,200,FALSE,PAID,LOT-145,2026-06-30,2026-06-01 08:00:00,2026-06-01 08:00:00
BIL-2026-00938,7,2026,200,FALSE,PAID,LOT-145,2026-07-31,2026-07-01 08:00:00,2026-07-01 08:00:00
BIL-2026-00939,1,2026,200,FALSE,PAID,LOT-146,2026-01-31,2026-01-01 08:00:00,2026-01-01 08:00:00
BIL-2026-00940,2,2026,200,FALSE,PAID,LOT-146,2026-02-28,2026-02-01 08:00:00,2026-02-01 08:00:00
BIL-2026-00941,3,2026,200,FALSE,PAID,LOT-146,2026-03-31,2026-03-01 08:00:00,2026-03-01 08:00:00
BIL-2026-00942,4,2026,200,FALSE,PAID,LOT-146,2026-04-30,2026-04-01 08:00:00,2026-04-01 08:00:00
BIL-2026-00943,5,2026,200,FALSE,PAID,LOT-146,2026-05-31,2026-05-01 08:00:00,2026-05-01 08:00:00
BIL-2026-00944,6,2026,200,FALSE,PAID,LOT-146,2026-06-30,2026-06-01 08:00:00,2026-06-01 08:00:00
BIL-2026-00945,7,2026,200,FALSE,PAID,LOT-146,2026-07-31,2026-07-01 08:00:00,2026-07-01 08:00:00
BIL-2026-00946,1,2026,200,FALSE,PAID,LOT-147,2026-01-31,2026-01-01 08:00:00,2026-01-01 08:00:00
BIL-2026-00947,2,2026,200,FALSE,PAID,LOT-147,2026-02-28,2026-02-01 08:00:00,2026-02-01 08:00:00
BIL-2026-00948,3,2026,200,FALSE,PAID,LOT-147,2026-03-31,2026-03-01 08:00:00,2026-03-01 08:00:00
BIL-2026-00949,4,2026,200,FALSE,PAID,LOT-147,2026-04-30,2026-04-01 08:00:00,2026-04-01 08:00:00
BIL-2026-00950,5,2026,200,FALSE,PAID,LOT-147,2026-05-31,2026-05-01 08:00:00,2026-05-01 08:00:00
BIL-2026-00951,6,2026,200,FALSE,PAID,LOT-147,2026-06-30,2026-06-01 08:00:00,2026-06-01 08:00:00
BIL-2026-00952,7,2026,200,FALSE,PAID,LOT-147,2026-07-31,2026-07-01 08:00:00,2026-07-01 08:00:00
BIL-2026-00953,1,2026,200,FALSE,PAID,LOT-149,2026-01-31,2026-01-01 08:00:00,2026-01-01 08:00:00
BIL-2026-00954,2,2026,200,FALSE,PAID,LOT-149,2026-02-28,2026-02-01 08:00:00,2026-02-01 08:00:00
BIL-2026-00955,3,2026,200,FALSE,PAID,LOT-149,2026-03-31,2026-03-01 08:00:00,2026-03-01 08:00:00
BIL-2026-00956,4,2026,200,FALSE,PAID,LOT-149,2026-04-30,2026-04-01 08:00:00,2026-04-01 08:00:00
BIL-2026-00957,5,2026,200,FALSE,OVERDUE,LOT-149,2026-05-31,2026-05-01 08:00:00,2026-05-01 08:00:00
BIL-2026-00958,6,2026,200,FALSE,OVERDUE,LOT-149,2026-06-30,2026-06-01 08:00:00,2026-06-01 08:00:00
BIL-2026-00959,7,2026,200,FALSE,OVERDUE,LOT-149,2026-07-31,2026-07-01 08:00:00,2026-07-01 08:00:00
BIL-2026-00960,1,2026,200,FALSE,PAID,LOT-150,2026-01-31,2026-01-01 08:00:00,2026-01-01 08:00:00
BIL-2026-00961,2,2026,200,FALSE,PAID,LOT-150,2026-02-28,2026-02-01 08:00:00,2026-02-01 08:00:00
BIL-2026-00962,3,2026,200,FALSE,PAID,LOT-150,2026-03-31,2026-03-01 08:00:00,2026-03-01 08:00:00
BIL-2026-00963,4,2026,200,FALSE,PAID,LOT-150,2026-04-30,2026-04-01 08:00:00,2026-04-01 08:00:00
BIL-2026-00964,5,2026,200,FALSE,PAID,LOT-150,2026-05-31,2026-05-01 08:00:00,2026-05-01 08:00:00
BIL-2026-00965,6,2026,200,FALSE,PAID,LOT-150,2026-06-30,2026-06-01 08:00:00,2026-06-01 08:00:00
BIL-2026-00966,7,2026,200,FALSE,PAID,LOT-150,2026-07-31,2026-07-01 08:00:00,2026-07-01 08:00:00
BIL-2026-00967,1,2026,200,FALSE,PAID,LOT-151,2026-01-31,2026-01-01 08:00:00,2026-01-01 08:00:00
BIL-2026-00968,2,2026,200,FALSE,PAID,LOT-151,2026-02-28,2026-02-01 08:00:00,2026-02-01 08:00:00
BIL-2026-00969,3,2026,200,FALSE,PAID,LOT-151,2026-03-31,2026-03-01 08:00:00,2026-03-01 08:00:00
BIL-2026-00970,4,2026,200,FALSE,PAID,LOT-151,2026-04-30,2026-04-01 08:00:00,2026-04-01 08:00:00
BIL-2026-00971,5,2026,200,FALSE,PAID,LOT-151,2026-05-31,2026-05-01 08:00:00,2026-05-01 08:00:00
BIL-2026-00972,6,2026,200,FALSE,PAID,LOT-151,2026-06-30,2026-06-01 08:00:00,2026-06-01 08:00:00
BIL-2026-00973,7,2026,200,FALSE,PAID,LOT-151,2026-07-31,2026-07-01 08:00:00,2026-07-01 08:00:00
BIL-2026-00974,1,2026,200,FALSE,OVERDUE,LOT-152,2026-01-31,2026-01-01 08:00:00,2026-01-01 08:00:00
BIL-2026-00975,2,2026,200,FALSE,OVERDUE,LOT-152,2026-02-28,2026-02-01 08:00:00,2026-02-01 08:00:00
BIL-2026-00976,3,2026,200,FALSE,OVERDUE,LOT-152,2026-03-31,2026-03-01 08:00:00,2026-03-01 08:00:00
BIL-2026-00977,4,2026,200,FALSE,OVERDUE,LOT-152,2026-04-30,2026-04-01 08:00:00,2026-04-01 08:00:00
BIL-2026-00978,5,2026,200,FALSE,OVERDUE,LOT-152,2026-05-31,2026-05-01 08:00:00,2026-05-01 08:00:00
BIL-2026-00979,6,2026,200,FALSE,OVERDUE,LOT-152,2026-06-30,2026-06-01 08:00:00,2026-06-01 08:00:00
BIL-2026-00980,7,2026,200,FALSE,OVERDUE,LOT-152,2026-07-31,2026-07-01 08:00:00,2026-07-01 08:00:00
BIL-2026-00981,1,2026,200,FALSE,PAID,LOT-153,2026-01-31,2026-01-01 08:00:00,2026-01-01 08:00:00
BIL-2026-00982,2,2026,200,FALSE,PAID,LOT-153,2026-02-28,2026-02-01 08:00:00,2026-02-01 08:00:00
BIL-2026-00983,3,2026,200,FALSE,PAID,LOT-153,2026-03-31,2026-03-01 08:00:00,2026-03-01 08:00:00
BIL-2026-00984,4,2026,200,FALSE,PAID,LOT-153,2026-04-30,2026-04-01 08:00:00,2026-04-01 08:00:00
BIL-2026-00985,5,2026,200,FALSE,OVERDUE,LOT-153,2026-05-31,2026-05-01 08:00:00,2026-05-01 08:00:00
BIL-2026-00986,6,2026,200,FALSE,OVERDUE,LOT-153,2026-06-30,2026-06-01 08:00:00,2026-06-01 08:00:00
BIL-2026-00987,7,2026,200,FALSE,OVERDUE,LOT-153,2026-07-31,2026-07-01 08:00:00,2026-07-01 08:00:00
BIL-2026-00988,1,2026,200,FALSE,PAID,LOT-154,2026-01-31,2026-01-01 08:00:00,2026-01-01 08:00:00
BIL-2026-00989,2,2026,200,FALSE,PAID,LOT-154,2026-02-28,2026-02-01 08:00:00,2026-02-01 08:00:00
BIL-2026-00990,3,2026,200,FALSE,PAID,LOT-154,2026-03-31,2026-03-01 08:00:00,2026-03-01 08:00:00
BIL-2026-00991,4,2026,200,FALSE,PAID,LOT-154,2026-04-30,2026-04-01 08:00:00,2026-04-01 08:00:00
BIL-2026-00992,5,2026,200,FALSE,OVERDUE,LOT-154,2026-05-31,2026-05-01 08:00:00,2026-05-01 08:00:00
BIL-2026-00993,6,2026,200,FALSE,OVERDUE,LOT-154,2026-06-30,2026-06-01 08:00:00,2026-06-01 08:00:00
BIL-2026-00994,7,2026,200,FALSE,OVERDUE,LOT-154,2026-07-31,2026-07-01 08:00:00,2026-07-01 08:00:00
BIL-2026-00995,1,2026,200,FALSE,OVERDUE,LOT-155,2026-01-31,2026-01-01 08:00:00,2026-01-01 08:00:00
BIL-2026-00996,2,2026,200,FALSE,OVERDUE,LOT-155,2026-02-28,2026-02-01 08:00:00,2026-02-01 08:00:00
BIL-2026-00997,3,2026,200,FALSE,OVERDUE,LOT-155,2026-03-31,2026-03-01 08:00:00,2026-03-01 08:00:00
BIL-2026-00998,4,2026,200,FALSE,OVERDUE,LOT-155,2026-04-30,2026-04-01 08:00:00,2026-04-01 08:00:00
BIL-2026-00999,5,2026,200,FALSE,OVERDUE,LOT-155,2026-05-31,2026-05-01 08:00:00,2026-05-01 08:00:00
BIL-2026-01000,6,2026,200,FALSE,OVERDUE,LOT-155,2026-06-30,2026-06-01 08:00:00,2026-06-01 08:00:00
BIL-2026-01001,7,2026,200,FALSE,OVERDUE,LOT-155,2026-07-31,2026-07-01 08:00:00,2026-07-01 08:00:00
BIL-2026-01002,1,2026,200,FALSE,PAID,LOT-156,2026-01-31,2026-01-01 08:00:00,2026-01-01 08:00:00
BIL-2026-01003,2,2026,200,FALSE,PAID,LOT-156,2026-02-28,2026-02-01 08:00:00,2026-02-01 08:00:00
BIL-2026-01004,3,2026,200,FALSE,PAID,LOT-156,2026-03-31,2026-03-01 08:00:00,2026-03-01 08:00:00
BIL-2026-01005,4,2026,200,FALSE,PAID,LOT-156,2026-04-30,2026-04-01 08:00:00,2026-04-01 08:00:00
BIL-2026-01006,5,2026,200,FALSE,PAID,LOT-156,2026-05-31,2026-05-01 08:00:00,2026-05-01 08:00:00
BIL-2026-01007,6,2026,200,FALSE,PAID,LOT-156,2026-06-30,2026-06-01 08:00:00,2026-06-01 08:00:00
BIL-2026-01008,7,2026,200,FALSE,PAID,LOT-156,2026-07-31,2026-07-01 08:00:00,2026-07-01 08:00:00
BIL-2026-01009,1,2026,200,FALSE,PAID,LOT-157,2026-01-31,2026-01-01 08:00:00,2026-01-01 08:00:00
BIL-2026-01010,2,2026,200,FALSE,PAID,LOT-157,2026-02-28,2026-02-01 08:00:00,2026-02-01 08:00:00
BIL-2026-01011,3,2026,200,FALSE,PAID,LOT-157,2026-03-31,2026-03-01 08:00:00,2026-03-01 08:00:00
BIL-2026-01012,4,2026,200,FALSE,OVERDUE,LOT-157,2026-04-30,2026-04-01 08:00:00,2026-04-01 08:00:00
BIL-2026-01013,5,2026,200,FALSE,OVERDUE,LOT-157,2026-05-31,2026-05-01 08:00:00,2026-05-01 08:00:00
BIL-2026-01014,6,2026,200,FALSE,OVERDUE,LOT-157,2026-06-30,2026-06-01 08:00:00,2026-06-01 08:00:00
BIL-2026-01015,7,2026,200,FALSE,OVERDUE,LOT-157,2026-07-31,2026-07-01 08:00:00,2026-07-01 08:00:00
BIL-2026-01016,1,2026,200,FALSE,OVERDUE,LOT-158,2026-01-31,2026-01-01 08:00:00,2026-01-01 08:00:00
BIL-2026-01017,2,2026,200,FALSE,OVERDUE,LOT-158,2026-02-28,2026-02-01 08:00:00,2026-02-01 08:00:00
BIL-2026-01018,3,2026,200,FALSE,OVERDUE,LOT-158,2026-03-31,2026-03-01 08:00:00,2026-03-01 08:00:00
BIL-2026-01019,4,2026,200,FALSE,OVERDUE,LOT-158,2026-04-30,2026-04-01 08:00:00,2026-04-01 08:00:00
BIL-2026-01020,5,2026,200,FALSE,OVERDUE,LOT-158,2026-05-31,2026-05-01 08:00:00,2026-05-01 08:00:00
BIL-2026-01021,6,2026,200,FALSE,OVERDUE,LOT-158,2026-06-30,2026-06-01 08:00:00,2026-06-01 08:00:00
BIL-2026-01022,7,2026,200,FALSE,OVERDUE,LOT-158,2026-07-31,2026-07-01 08:00:00,2026-07-01 08:00:00
BIL-2026-01023,1,2026,200,FALSE,PAID,LOT-159,2026-01-31,2026-01-01 08:00:00,2026-01-01 08:00:00
BIL-2026-01024,2,2026,200,FALSE,PAID,LOT-159,2026-02-28,2026-02-01 08:00:00,2026-02-01 08:00:00
BIL-2026-01025,3,2026,200,FALSE,PAID,LOT-159,2026-03-31,2026-03-01 08:00:00,2026-03-01 08:00:00
BIL-2026-01026,4,2026,200,FALSE,PAID,LOT-159,2026-04-30,2026-04-01 08:00:00,2026-04-01 08:00:00
BIL-2026-01027,5,2026,200,FALSE,PAID,LOT-159,2026-05-31,2026-05-01 08:00:00,2026-05-01 08:00:00
BIL-2026-01028,6,2026,200,FALSE,PAID,LOT-159,2026-06-30,2026-06-01 08:00:00,2026-06-01 08:00:00
BIL-2026-01029,7,2026,200,FALSE,PAID,LOT-159,2026-07-31,2026-07-01 08:00:00,2026-07-01 08:00:00
